Agent,Prior,Target,Score,SMILES,SMILES_state,Input_SMILES,Scaffold,Tanimoto vs seeds,Tanimoto vs seeds (raw),QED,QED (raw),SA score,SA score (raw),step
24.0882,24.0882,1.4280,0.3189527,CC1=C[C@H](O)[C@H](/C=C\C[C@H](OC(N)=O)/C(C)=C/C/C(C)=C/[C@H](O)/C(C)=C/[C@H](C)CO)O1,1,C=CCNC1=C2C[C@@H](C)C[C@H](OC)[C@H](O)[C@@H](C)/C=C(\C)[C@H](OC(N)=O)[C@@H](OC)/C=C\C=C(/C)C(=O)NC(=CC1=O)C2=O,C1=COCC1,0.0838710,0.0839,0.3695330,0.3695,5.3638104,5.3638,1
22.3924,22.3924,6.2691,0.3582683,CC1=C(C[C@@H](C)[C@H](O)[C@@H](C)/C=C(\C)C2=C[C@H](O)[C@@H](O)CC2)[C@@H](C)[C@H](O)[C@H](O)[C@@H](C)/C=C/C1=O,1,C=CCNC1=C2C[C@@H](C)C[C@H](OC)[C@H](O)[C@@H](C)/C=C(\C)[C@H](OC(N)=O)[C@@H](OC)/C=C\C=C(/C)C(=O)NC(=CC1=O)C2=O,O=C1C=C(CCCCC=CC2=CCCCC2)CCCC/C=C/1,0.0955414,0.0955,0.4142621,0.4143,5.8539303,5.8539,1
27.1227,27.1227,-27.1227,0.0000000,C/C(=C\[C@H](C)[C@@H](O)[C@H](C)C[C@H]1C[C@@H]2C(=O)N(CCN(C)C)C=C2C[C@@H](C)[C@H](O)[C@H](O)[C@]2(C)CO1)C(N)=O,0,C=CCNC1=C2C[C@@H](C)C[C@H](OC)[C@H](O)[C@@H](C)/C=C(\C)[C@H](OC(N)=O)[C@@H](OC)/C=C\C=C(/C)C(=O)NC(=CC1=O)C2=O,,0.0000000,0.0000,0.0000000,0.0000,0.0000000,0.0000,1
21.5368,21.5368,-21.5368,0.0000000,C/C(=C\[C@H](C)[C@@H](O)[C@H](O)CC1=C(\C)C(=O)NCCOC1=C\C1=NCC=C1,0,C=CCNC1=C2C[C@@H](C)C[C@H](OC)[C@H](O)[C@@H](C)/C=C(\C)[C@H](OC(N)=O)[C@@H](OC)/C=C\C=C(/C)C(=O)NC(=CC1=O)C2=O,,0.0000000,0.0000,0.0000000,0.0000,0.0000000,0.0000,1
22.5781,22.5781,7.3861,0.3745531,CC(=O)N/C(C)=C/[C@H](C)[C@H](O)/C=C/C(C)(C)CC1=C(C)/C=C/[C@@H](C)[C@@H](O)[C@@H](O)CC1=O,1,C=CCNC1=C2C[C@@H](C)C[C@H](OC)[C@H](O)[C@@H](C)/C=C(\C)[C@H](OC(N)=O)[C@@H](OC)/C=C\C=C(/C)C(=O)NC(=CC1=O)C2=O,O=C1C=C/C=C/CCCC1,0.0993377,0.0993,0.4614171,0.4614,5.4611495,5.4611,1
16.1451,16.1451,-16.1451,0.0000000,C/C(=C\[C@H](C)[C@H](O)/C=C/C(C)(C)CC1=C(\F)C(=O)NC=C1C[C@@H](C)C[C@H](C)C[C@]1(C)CO,0,C=CCNC1=C2C[C@@H](C)C[C@H](OC)[C@H](O)[C@@H](C)/C=C(\C)[C@H](OC(N)=O)[C@@H](OC)/C=C\C=C(/C)C(=O)NC(=CC1=O)C2=O,,0.0000000,0.0000,0.0000000,0.0000,0.0000000,0.0000,1
21.9323,21.9323,4.9602,0.3361563,C/C1=C\[C@H](C)[C@H](O)/C=C\C(=C(\C)C[C@@H](C)C[C@H](O)[C@@H](O)[C@@H](O)/C=C\[C@@H](C)NCc2ccccc2)C1=O,1,C=CCNC1=C2C[C@@H](C)C[C@H](OC)[C@H](O)[C@@H](C)/C=C(\C)[C@H](OC(N)=O)[C@@H](OC)/C=C\C=C(/C)C(=O)NC(=CC1=O)C2=O,O=C1C=CCC/C=C\C1=CCCCCCC/C=C\CNCc1ccccc1,0.1437500,0.1437,0.2359911,0.2360,4.9508246,4.9508,1
31.1414,31.1414,-10.3555,0.2598242,C/C1=C(\C=C[C@@H](O)[C@@H](C)/C=C(\C)[C@@H](OC(N)=O)[C@@H](O)/C=C/C=C\[C@@H]2C[C@@H](C)C(=O)N2)C(=O)SCC[C@@H](C)C1,1,C=CCNC1=C2C[C@@H](C)C[C@H](OC)[C@H](O)[C@@H](C)/C=C(\C)[C@H](OC(N)=O)[C@@H](OC)/C=C\C=C(/C)C(=O)NC(=CC1=O)C2=O,O=C1CC[C@@H](/C=C\C=C\CCC=CCCC=CC2=CCCCCSC2=O)N1,0.0742857,0.0743,0.2402899,0.2403,5.6412380,5.6412,1
16.5279,16.5279,-16.5279,0.0000000,C/C(=C\[C@H](C)[C@H](O)[C@H](C)CC1=C(C)C/C(=C\C(C)(C)O)C(=O)[C@H]1O,0,C=CCNC1=C2C[C@@H](C)C[C@H](OC)[C@H](O)[C@@H](C)/C=C(\C)[C@H](OC(N)=O)[C@@H](OC)/C=C\C=C(/C)C(=O)NC(=CC1=O)C2=O,,0.0000000,0.0000,0.0000000,0.0000,0.0000000,0.0000,1
16.5751,16.5751,-16.5751,0.0000000,C/C(=C\[C@H](C)[C@H](O)[C@H](C)CC1=C(\F)[C@@H](O)/C=C/C=C(\C)[C@H](O)[C@H](C)CC1=O,0,C=CCNC1=C2C[C@@H](C)C[C@H](OC)[C@H](O)[C@@H](C)/C=C(\C)[C@H](OC(N)=O)[C@@H](OC)/C=C\C=C(/C)C(=O)NC(=CC1=O)C2=O,,0.0000000,0.0000,0.0000000,0.0000,0.0000000,0.0000,1
27.8764,27.8764,-2.9087,0.3120965,C/C(=C\[C@H](F)CF)[C@@H](OC(N)=O)[C@H](O)/C=C/[C@@H]1C[C@H](C)C[C@H](O)[C@H](C)CC2=C(NCC(C)(C)O)C1=C2,1,C=CCNC1=C2C[C@@H](C)C[C@H](OC)[C@H](O)[C@@H](C)/C=C(\C)[C@H](OC(N)=O)[C@@H](OC)/C=C\C=C(/C)C(=O)NC(=CC1=O)C2=O,C1=C2C=C1CCCCCCC2,0.0903614,0.0904,0.2849342,0.2849,6.7518767,6.7519,1
21.2720,21.2720,3.0676,0.3042449,CC1=C(C[C@@H](C)C(=O)[C@H](C)/C=C/[C@H](O)/C(C)=C/[C@H](N)[C@H](O)/C=C/C(C)(C)C)NC(=O)C1,1,C=CCNC1=C2C[C@@H](C)C[C@H](OC)[C@H](O)[C@@H](C)/C=C(\C)[C@H](OC(N)=O)[C@@H](OC)/C=C\C=C(/C)C(=O)NC(=CC1=O)C2=O,O=C1CC=CN1,0.0709677,0.0710,0.3961803,0.3962,5.3571046,5.3571,1
35.6764,35.6764,-35.6764,0.0000000,C/C(=C\[C@H](O)/C=C/C=C\C(C)[C@H](OC(N)=O)[C@H]1C[C@@H]2CCC=C2C(=O)NC1=O)[C@@H](O)[C@@H](O)CCC1,0,C=CCNC1=C2C[C@@H](C)C[C@H](OC)[C@H](O)[C@@H](C)/C=C(\C)[C@H](OC(N)=O)[C@@H](OC)/C=C\C=C(/C)C(=O)NC(=CC1=O)C2=O,,0.0000000,0.0000,0.0000000,0.0000,0.0000000,0.0000,1
28.3038,28.3038,1.4499,0.3719212,CO[C@H]1[C@@H](O)[C@H](C)C(C[C@@H]2/C=C/[C@@H](O)/C=C(\C)C/C=C\C[C@H]2O)=C(NCCO)[C@H]1OC(N)=O,1,C=CCNC1=C2C[C@@H](C)C[C@H](OC)[C@H](O)[C@@H](C)/C=C(\C)[C@H](OC(N)=O)[C@@H](OC)/C=C\C=C(/C)C(=O)NC(=CC1=O)C2=O,C1=CC/C=C/[C@@H](CC2=CCCCC2)CC/C=C\C1,0.1363636,0.1364,0.3024158,0.3024,5.8465487,5.8465,1
30.6046,30.6046,-1.7156,0.3611128,CC1=CC(NCC(C)(C)C)=C[C@@H](C[C@@H]2SC[C@@H](O)/C=C(\C)[C@@H](O)/C=C\[C@@H]2O)[C@@H](O)CNC1=O,1,C=CCNC1=C2C[C@@H](C)C[C@H](OC)[C@H](O)[C@@H](C)/C=C(\C)[C@H](OC(N)=O)[C@@H](OC)/C=C\C=C(/C)C(=O)NC(=CC1=O)C2=O,O=C1C=CC=C[C@@H](C[C@H]2C/C=C\CC=CCCS2)CCN1,0.1153846,0.1154,0.3384167,0.3384,5.8908776,5.8909,1
29.3606,29.3606,-29.3606,0.0000000,C/C(=C\[C@H](O)[C@@H](C)C=C1\C[C@@H](C)C[C@H](OC(N)=O)C[C@@H]2C[C@H](C)C(=O)N(Cc3ccccc3)=C21)[C@H](O)[C@@H](O)C,0,C=CCNC1=C2C[C@@H](C)C[C@H](OC)[C@H](O)[C@@H](C)/C=C(\C)[C@H](OC(N)=O)[C@@H](OC)/C=C\C=C(/C)C(=O)NC(=CC1=O)C2=O,,0.0000000,0.0000,0.0000000,0.0000,0.0000000,0.0000,1
22.3020,22.3020,-22.3020,0.0000000,C/C(=C\[C@H](O)[C@@H](O)[C@H](C)CC1=C(\F)C=C\C=C(C)C[C@H](O)[C@@H](O)[C@@H]1/C=C\[C@@H](C)CO,0,C=CCNC1=C2C[C@@H](C)C[C@H](OC)[C@H](O)[C@@H](C)/C=C(\C)[C@H](OC(N)=O)[C@@H](OC)/C=C\C=C(/C)C(=O)NC(=CC1=O)C2=O,,0.0000000,0.0000,0.0000000,0.0000,0.0000000,0.0000,1
28.8213,28.8213,-6.3100,0.2813909,C/C(=C\[C@H](O)[C@H](C)/C=C(\C)[C@@H](O)[C@H](C)CC/C=C(\C)C(N)=O)CC1=NC(=O)[C@H](C)[C@@H]1O,1,C=CCNC1=C2C[C@@H](C)C[C@H](OC)[C@H](O)[C@@H](C)/C=C(\C)[C@H](OC(N)=O)[C@@H](OC)/C=C\C=C(/C)C(=O)NC(=CC1=O)C2=O,O=C1CCC=N1,0.0779221,0.0779,0.2927564,0.2928,5.2011574,5.2012,1
20.8790,20.8790,-20.8790,0.0000000,C/C(=C\[C@H](O)[C@H](C)/C=C/C(C)(C)CC1=C2\NC(=O)[C@@H](N)[C@@H](OC)C[C@H]2C[C@@H](C)C[C@H]1O,0,C=CCNC1=C2C[C@@H](C)C[C@H](OC)[C@H](O)[C@@H](C)/C=C(\C)[C@H](OC(N)=O)[C@@H](OC)/C=C\C=C(/C)C(=O)NC(=CC1=O)C2=O,,0.0000000,0.0000,0.0000000,0.0000,0.0000000,0.0000,1
24.5598,24.5598,0.6086,0.3146048,CC(C)=CCNC(=O)C/C=C\CC(C)=C[C@H](O)[C@H](C)/C=C/C(C)(C)CCN,1,C=CCNC1=C2C[C@@H](C)C[C@H](OC)[C@H](O)[C@@H](C)/C=C(\C)[C@H](OC(N)=O)[C@@H](OC)/C=C\C=C(/C)C(=O)NC(=CC1=O)C2=O,,0.0753425,0.0753,0.4450344,0.4450,4.4143650,4.4144,1
17.5229,17.5229,0.1634,0.2210780,CC(=C[C@H](O)[C@H](C)/C=C/C(C)(C)CNC1=C(N)O[C@@H](C)[C@@H](O)[C@@H](O)[C@@H]1O)/C=C/CCO,1,C=CCNC1=C2C[C@@H](C)C[C@H](OC)[C@H](O)[C@@H](C)/C=C(\C)[C@H](OC(N)=O)[C@@H](OC)/C=C\C=C(/C)C(=O)NC(=CC1=O)C2=O,C1=COCCCC1,0.0636943,0.0637,0.1936060,0.1936,5.2582139,5.2582,1
20.4068,20.4068,5.6261,0.3254115,CC1=C(C[C@@H](C)C[C@@H](O)/C(C)=C/[C@H](O)[C@H](C)/C=C/C(C)(C)O)C(=O)OCCC/C=C\1,1,C=CCNC1=C2C[C@@H](C)C[C@H](OC)[C@H](O)[C@@H](C)/C=C(\C)[C@H](OC(N)=O)[C@@H](OC)/C=C\C=C(/C)C(=O)NC(=CC1=O)C2=O,O=C1C=C/C=C\CCCO1,0.0855263,0.0855,0.3835126,0.3835,5.2948046,5.2948,1
22.7765,22.7765,-22.7765,0.0000000,C/C(=C\[C@H](O)[C@H](C)/C=C/C1=C(\F)[C@@H](O)[C@H](C)CC2=C(NC(=O)[C@@H](O)[C@@H](O)CC2)[C@@H]1OC(C)=O,0,C=CCNC1=C2C[C@@H](C)C[C@H](OC)[C@H](O)[C@@H](C)/C=C(\C)[C@H](OC(N)=O)[C@@H](OC)/C=C\C=C(/C)C(=O)NC(=CC1=O)C2=O,,0.0000000,0.0000,0.0000000,0.0000,0.0000000,0.0000,1
28.8548,28.8548,-28.8548,0.0000000,C/C(=C\[C@H](O)[C@H](C)/C=C/CC1=C(\C)C/C=C(\C)[C@@H](O)[C@H](C)CC(=O)/C=C/[C@H](C)OC1=O,0,C=CCNC1=C2C[C@@H](C)C[C@H](OC)[C@H](O)[C@@H](C)/C=C(\C)[C@H](OC(N)=O)[C@@H](OC)/C=C\C=C(/C)C(=O)NC(=CC1=O)C2=O,,0.0000000,0.0000,0.0000000,0.0000,0.0000000,0.0000,1
33.0199,33.0199,-33.0199,0.0000000,C/C(=C\[C@H](O)[C@H](C)/C=C/C[C@H](O)[C@H](C)C[C@@H]2C[C@@H](CCCN)C(=O)NC2=C1/C=C\[C@@H](OC(N)=O)[C@@H](O)C1,0,C=CCNC1=C2C[C@@H](C)C[C@H](OC)[C@H](O)[C@@H](C)/C=C(\C)[C@H](OC(N)=O)[C@@H](OC)/C=C\C=C(/C)C(=O)NC(=CC1=O)C2=O,,0.0000000,0.0000,0.0000000,0.0000,0.0000000,0.0000,1
22.8254,22.8254,1.1992,0.3003070,C/C(=C\[C@H](O)[C@H](C)/C=C/[C@H](C)/C=C/C(C)CCC1=NCC(=O)N[C@@H]1O)C1=C[C@@H]2C[C@H](CO)C[C@H]2C1,1,C=CCNC1=C2C[C@@H](C)C[C@H](OC)[C@H](O)[C@@H](C)/C=C(\C)[C@H](OC(N)=O)[C@@H](OC)/C=C\C=C(/C)C(=O)NC(=CC1=O)C2=O,O=C1CN=C(CCC/C=C/C/C=C/CCC=CC2=C[C@@H]3CCC[C@H]3C2)CN1,0.0769231,0.0769,0.3335849,0.3336,5.8407843,5.8408,1
21.6482,21.6482,9.0745,0.3840336,CC1=C(C[C@H](O)/C(C)=C/[C@H](O)[C@H](C)/C=C/C(C)C)C(=O)C(C)NC1=O,1,C=CCNC1=C2C[C@@H](C)C[C@H](OC)[C@H](O)[C@@H](C)/C=C(\C)[C@H](OC(N)=O)[C@@H](OC)/C=C\C=C(/C)C(=O)NC(=CC1=O)C2=O,O=C1C=CC(=O)NC1,0.0869565,0.0870,0.6156347,0.6156,4.7820909,4.7821,1
18.3974,18.3974,2.2981,0.2586944,CC(=C/C=C/[C@@H](O)/C(C)=C/[C@H](O)[C@H](C)/C=C/[C@H](C)O)CCCCOC1=NCC=C1,1,C=CCNC1=C2C[C@@H](C)C[C@H](OC)[C@H](O)[C@@H](C)/C=C(\C)[C@H](OC(N)=O)[C@@H](OC)/C=C\C=C(/C)C(=O)NC(=CC1=O)C2=O,C1=CCN=C1,0.0714286,0.0714,0.2622976,0.2623,5.0688288,5.0688,1
18.8965,18.8965,4.9991,0.2986951,CC(=O)O[C@@H]1NC(=O)[C@@H](C)C[C@H](C)C[C@H](/C=C/[C@@H](C)[C@@H](O)/C=C(\C)C(C)C)[C@H]1O,1,C=CCNC1=C2C[C@@H](C)C[C@H](OC)[C@H](O)[C@@H](C)/C=C(\C)[C@H](OC(N)=O)[C@@H](OC)/C=C\C=C(/C)C(=O)NC(=CC1=O)C2=O,O=C1CCCCCCCN1,0.0592105,0.0592,0.4624663,0.4625,5.4382489,5.4382,1
19.3975,19.3975,-19.3975,0.0000000,C/C(=C\[C@H](O)[C@H](C)/C=C\C1=C(\C)C[C@@H](C)[C@H](O)/C=C/[C@@H](C)[C@@H](O)[C@@H](C)CC1=O,0,C=CCNC1=C2C[C@@H](C)C[C@H](OC)[C@H](O)[C@@H](C)/C=C(\C)[C@H](OC(N)=O)[C@@H](OC)/C=C\C=C(/C)C(=O)NC(=CC1=O)C2=O,,0.0000000,0.0000,0.0000000,0.0000,0.0000000,0.0000,1
25.7793,25.7793,-25.7793,0.0000000,C/C(=C\[C@H](O)[C@H](C)/C=C\[C@@H]1CC2=C(N)C(=CCS[C@@H]2C)C[C@H]1OC(N)=O)[C@H](O)[C@@H](O)CCC1=O,0,C=CCNC1=C2C[C@@H](C)C[C@H](OC)[C@H](O)[C@@H](C)/C=C(\C)[C@H](OC(N)=O)[C@@H](OC)/C=C\C=C(/C)C(=O)NC(=CC1=O)C2=O,,0.0000000,0.0000,0.0000000,0.0000,0.0000000,0.0000,1
22.1175,22.1175,7.3450,0.3682806,C/C1=C\N=C(N)O[C@H](C[C@@H](C)C[C@H](C)C[C@@H]2/C=C\[C@@H](C)[C@@H](O)/C=C(\C)[C@@H]2/C=C\CO)[C@H](O)C1=O,1,C=CCNC1=C2C[C@@H](C)C[C@H](OC)[C@H](O)[C@@H](C)/C=C(\C)[C@H](OC(N)=O)[C@@H](OC)/C=C\C=C(/C)C(=O)NC(=CC1=O)C2=O,O=C1C=CN=CO[C@H](CCCCC[C@@H]2/C=C\CCC=CC2)C1,0.1062500,0.1062,0.4002130,0.4002,5.6702764,5.6703,1
26.0850,26.0850,-26.0850,0.0000000,C/C(=C\[C@H](O)[C@H](C)/C=C\[C@H]1C[C@H](C)Csc1=C(NCCO)C1=C\CC=C(\C)[C@@H](O)[C@H](O)C1,0,C=CCNC1=C2C[C@@H](C)C[C@H](OC)[C@H](O)[C@@H](C)/C=C(\C)[C@H](OC(N)=O)[C@@H](OC)/C=C\C=C(/C)C(=O)NC(=CC1=O)C2=O,,0.0000000,0.0000,0.0000000,0.0000,0.0000000,0.0000,1
17.4982,17.4982,-17.4982,0.0000000,C/C(=C\[C@H](O)[C@H](C)C)[C@@H](O)/C=C/C(C)C1=C(\F)C(=O)NC1=C\[C@@H](C)C[C@H](C)C1,0,C=CCNC1=C2C[C@@H](C)C[C@H](OC)[C@H](O)[C@@H](C)/C=C(\C)[C@H](OC(N)=O)[C@@H](OC)/C=C\C=C(/C)C(=O)NC(=CC1=O)C2=O,,0.0000000,0.0000,0.0000000,0.0000,0.0000000,0.0000,1
31.9683,31.9683,-2.8672,0.3637634,CO[C@H]1[C@@H](OC)/C=C\[C@@H](C)CC(=C(C)C[C@@]2(C)C(=O)NC(=O)[C@@H]2O)[C@@H](C)[C@@H](O)/C=C(\C)[C@@H]1O,1,C=CCNC1=C2C[C@@H](C)C[C@H](OC)[C@H](O)[C@@H](C)/C=C(\C)[C@H](OC(N)=O)[C@@H](OC)/C=C\C=C(/C)C(=O)NC(=CC1=O)C2=O,O=C1CC(CC=C2CCC=CCCC/C=C\CC2)C(=O)N1,0.1096774,0.1097,0.3674143,0.3674,5.8494597,5.8495,1
17.5675,17.5675,-17.5675,0.0000000,C/C(=C\[C@H](O)[C@H](C)CC1=C(C)C(=O)C(O)=CC1=C(C)C[C@@H](O)[C@H](O)[C@@H]1O,0,COC1=C2C[C@@H](C)C[C@H](OC)[C@H](O)[C@@H](C)/C=C(\C)[C@H](OC(N)=O)[C@@H](OC)/C=C\C=C(/C)C(=O)NC(=CC1=O)C2=O,,0.0000000,0.0000,0.0000000,0.0000,0.0000000,0.0000,1
29.6437,29.6437,-0.4357,0.3651002,CC1=C(C[C@@H](C)[C@@H](O)/C=C(\C)[C@H](O)CC(C)(C)C)COC(=O)[C@@H](C)/C=C/[C@@H](O)/C=C(\C)C1,1,C=CCNC1=C2C[C@@H](C)C[C@H](OC)[C@H](O)[C@@H](C)/C=C(\C)[C@H](OC(N)=O)[C@@H](OC)/C=C\C=C(/C)C(=O)NC(=CC1=O)C2=O,O=C1C/C=C/CC=CCC=CCO1,0.1045752,0.1046,0.3981673,0.3982,5.6763193,5.6763,1
25.1572,25.1572,4.9628,0.3764998,CC1=C(C[C@@H](C)/C=C/[C@@H](C)/C(C)=C/[C@H](O)[C@H](C)O)C(=O)C[C@H](C)[C@H](O)[C@@H](O)/C=C\C=C\1,1,C=CCNC1=C2C[C@@H](C)C[C@H](OC)[C@H](O)[C@@H](C)/C=C(\C)[C@H](OC(N)=O)[C@@H](OC)/C=C\C=C(/C)C(=O)NC(=CC1=O)C2=O,O=C1C=C/C=C/C=C\CCCC1,0.0986842,0.0987,0.4604795,0.4605,5.7246284,5.7246,1
32.4355,32.4355,-9.3485,0.2885867,C/C(=C\[C@H](O)[C@H](O)/C=C/C(C)(C)C)[C@@H](O)CC(=O)CCC1=C(N)OC=C[C@@H](C)[C@@H](O)[C@@H]1O,1,C=CCNC1=C2C[C@@H](C)C[C@H](OC)[C@H](O)[C@@H](C)/C=C(\C)[C@H](OC(N)=O)[C@@H](OC)/C=C\C=C(/C)C(=O)NC(=CC1=O)C2=O,C1=COC=CCCC1,0.0833333,0.0833,0.2866739,0.2867,5.3062464,5.3062,1
29.3241,29.3241,-29.3241,0.0000000,C/C(=C\[C@H](OC(N)=O)[C@H](O)/C=C\[C@@H]1C[C@H](C)Csc(=C(C)C)c1)[C@H](O)[C@@H](C)CCC(=O)/C=C\[C@@H](C)NC1,0,C=CCNC1=C2C[C@@H](C)C[C@H](OC)[C@H](O)[C@@H](C)/C=C(\C)[C@H](OC(N)=O)[C@@H](OC)/C=C\C=C(/C)C(=O)NC(=CC1=O)C2=O,,0.0000000,0.0000,0.0000000,0.0000,0.0000000,0.0000,1
23.3981,23.3981,-23.3981,0.0000000,C/C(=C\[C@H]1C[C@H](C)C[C@H](O)[C@H](C)CC2=C(NCCO)C(=O)/C=C\[C@@H](C)[C@H](O)[C@@H](OC(C)=O)[C@H]1OC,0,C=CCNC1=C2C[C@@H](C)C[C@H](OC)[C@H](O)[C@@H](C)/C=C(\C)[C@H](OC(N)=O)[C@@H](OC)/C=C\C=C(/C)C(=O)NC(=CC1=O)C2=O,,0.0000000,0.0000,0.0000000,0.0000,0.0000000,0.0000,1
32.1469,32.1469,-32.1469,0.0000000,C/C1=C/C=C\[C@@H](O)[C@H](C)/C=C(\C)[C@@H](OC)/C=C(\C)C[C@H](C)CCC(=O)N(C)C)C1=O,0,C=CCNC1=C2C[C@@H](C)C[C@H](OC)[C@H](O)[C@@H](C)/C=C(\C)[C@H](OC(N)=O)[C@@H](OC)/C=C\C=C(/C)C(=O)NC(=CC1=O)C2=O,,0.0000000,0.0000,0.0000000,0.0000,0.0000000,0.0000,1
19.9774,19.9774,-19.9774,0.0000000,C/C1=C\[C@H](OC(N)=O)[C@@H](OC)/C=C\[C@@H](C)[C@H](O)[C@@H](C)CC2=C(/C)C(=O)NCc3nc4ccccc4s3C2)C1,0,C=CCNC1=C2C[C@@H](C)C[C@H](OC)[C@H](O)[C@@H](C)/C=C(\C)[C@H](OC(N)=O)[C@@H](OC)/C=C\C=C(/C)C(=O)NC(=CC1=O)C2=O,,0.0000000,0.0000,0.0000000,0.0000,0.0000000,0.0000,1
25.5732,25.5732,-25.5732,0.0000000,C=C1NC(=O)[C@H](OC)[C@@H](OC)[C@H](C)/C=C\[C@@H](C)[C@H](O)/C=C/[C@H](C)/C=C/[C@@H](C)O,0,C=CCNC1=C2C[C@@H](C)C[C@H](OC)[C@H](O)[C@@H](C)/C=C(\C)[C@H](OC(N)=O)[C@@H](OC)/C=C\C=C(/C)C(=O)NC(=CC1=O)C2=O,,0.0000000,0.0000,0.0000000,0.0000,0.0000000,0.0000,1
17.9070,17.9070,-17.9070,0.0000000,C=CCN1C=C2C[C@H](C)C[C@H](OC)[C@H](O)[C@H](C)/C=C(\C)[C@H](O)/C=C\[C@@H](C)C(=O)NC(=O)C1=O,0,COC1=C2C[C@@H](C)C[C@H](OC)[C@H](O)[C@@H](C)/C=C(\C)[C@H](OC(N)=O)[C@@H](OC)/C=C\C=C(/C)C(=O)NC(=CC1=O)C2=O,,0.0000000,0.0000,0.0000000,0.0000,0.0000000,0.0000,1
20.0468,20.0468,-20.0468,0.0000000,C=CCNC1=C2CC(C)C[C@H](OC)[C@H](O)/C=C\[C@H](OC)[C@H](O)[C@@H](O)CC=C(C)CO,0,C=CCNC1=C2C[C@@H](C)C[C@H](OC)[C@H](O)[C@@H](C)/C=C(\C)[C@H](OC(N)=O)[C@@H](OC)/C=C\C=C(/C)C(=O)NC(=CC1=O)C2=O,,0.0000000,0.0000,0.0000000,0.0000,0.0000000,0.0000,1
20.2603,20.2603,-20.2603,0.0000000,C=CCNC1=C2CCC[C@H](OC)[C@H](O)[C@@H](C)/C=C(\C)[C@H](O)/C=C/C(C)=C/[C@@H](C)/C=C\[C@@H](C)[C@@H](O)CO1,0,C=CCNC1=C2C[C@@H](C)C[C@H](OC)[C@H](O)[C@@H](C)/C=C(\C)[C@H](OC(N)=O)[C@@H](OC)/C=C\C=C(/C)C(=O)NC(=CC1=O)C2=O,,0.0000000,0.0000,0.0000000,0.0000,0.0000000,0.0000,1
11.7449,11.7449,-11.7449,0.0000000,C=CCNC1=C2CCC[C@H](OC)[C@H](O)[C@H](C)/C=C(\C)[C@H](O)/C=C\[C@@H](C)[C@H](O)[C@@H](O)CCC1=O,0,C=CCNC1=C2C[C@@H](C)C[C@H](OC)[C@H](O)[C@@H](C)/C=C(\C)[C@H](OC(N)=O)[C@@H](OC)/C=C\C=C(/C)C(=O)NC(=CC1=O)C2=O,,0.0000000,0.0000,0.0000000,0.0000,0.0000000,0.0000,1
20.0711,20.0711,-20.0711,0.0000000,C=CCNC1=C2CCC[C@H](OC)[C@H](OC)[C@H](O)[C@@H](C)/C=C/[C@@H](C)CC(=O)O1,0,C=CCNC1=C2C[C@@H](C)C[C@H](OC)[C@H](O)[C@@H](C)/C=C(\C)[C@H](OC(N)=O)[C@@H](OC)/C=C\C=C(/C)C(=O)NC(=CC1=O)C2=O,,0.0000000,0.0000,0.0000000,0.0000,0.0000000,0.0000,1
23.2501,23.2501,-23.2501,0.0000000,C=CCNC1=C2CCC[C@H](OC)[C@H](OC)[C@H]2/C=C(\C)[C@H](OC(C)=O)[C@@H](O)/C=C/C=C(\C)CO,0,C=CCNC1=C2C[C@@H](C)C[C@H](OC)[C@H](O)[C@@H](C)/C=C(\C)[C@H](OC(N)=O)[C@@H](OC)/C=C\C=C(/C)C(=O)NC(=CC1=O)C2=O,,0.0000000,0.0000,0.0000000,0.0000,0.0000000,0.0000,1
20.7559,20.7559,-20.7559,0.0000000,C=CCNC1=C2C[C@@H](C)CC[C@H](OC)[C@H](O)[C@H](C)/C=C(\C)[C@H](O)[C@@H]3CC=C(C)C[C@]3(O)C(=O)NC1=O,0,C=CCNC1=C2C[C@@H](C)C[C@H](OC)[C@H](O)[C@@H](C)/C=C(\C)[C@H](OC(N)=O)[C@@H](OC)/C=C\C=C(/C)C(=O)NC(=CC1=O)C2=O,,0.0000000,0.0000,0.0000000,0.0000,0.0000000,0.0000,1
22.4904,22.4904,-22.4904,0.0000000,C=CCNC1=C2C[C@@H](C)C[C@H](OC)[C@H](O)/C=C(\C)[C@H](O)CC/C(C)=C/CC(C)COC(=O)OCC1=O,0,C=CCNC1=C2C[C@@H](C)C[C@H](OC)[C@H](O)[C@@H](C)/C=C(\C)[C@H](OC(N)=O)[C@@H](OC)/C=C\C=C(/C)C(=O)NC(=CC1=O)C2=O,,0.0000000,0.0000,0.0000000,0.0000,0.0000000,0.0000,1
13.5933,13.5933,-13.5933,0.0000000,C=CCNC1=C2C[C@@H](C)C[C@H](OC)[C@H](O)[C@H](C)/C=C(\C)C[C@H](O)/C=C\[C@@H](C)[C@H](O)[C@@H](O)COC1=O,0,C=CCNC1=C2C[C@@H](C)C[C@H](OC)[C@H](O)[C@@H](C)/C=C(\C)[C@H](OC(N)=O)[C@@H](OC)/C=C\C=C(/C)C(=O)NC(=CC1=O)C2=O,,0.0000000,0.0000,0.0000000,0.0000,0.0000000,0.0000,1
15.2167,15.2167,-15.2167,0.0000000,C=CCNC1=C2C[C@@H](C)C[C@H](OC)[C@H](O)[C@H](C)/C=C(\C)[C@H](O)[C@@H](O)/C=C\[C@@H](C)C(O)COCC1=O,0,C=CCNC1=C2C[C@@H](C)C[C@H](OC)[C@H](O)[C@@H](C)/C=C(\C)[C@H](OC(N)=O)[C@@H](OC)/C=C\C=C(/C)C(=O)NC(=CC1=O)C2=O,,0.0000000,0.0000,0.0000000,0.0000,0.0000000,0.0000,1
13.4116,13.4116,-13.4116,0.0000000,C=CCNC1=C2C[C@@H](C)C[C@H](OC)[C@H](O)[C@H](C)/C=C(\C)[C@H](O)[C@@H](O)/C=C\[C@@H](C)COC(C)=O)NC(=O)[C@@H]1C,0,C=CCNC1=C2C[C@@H](C)C[C@H](OC)[C@H](O)[C@@H](C)/C=C(\C)[C@H](OC(N)=O)[C@@H](OC)/C=C\C=C(/C)C(=O)NC(=CC1=O)C2=O,,0.0000000,0.0000,0.0000000,0.0000,0.0000000,0.0000,1
6.9337,6.9337,-6.9337,0.0000000,C=CCNC1=C2C[C@@H](C)C[C@H](OC)[C@H](O)[C@H](C)/C=C(\C)[C@H](O)[C@@H](O)CCC1=O,0,C=CCNC1=C2C[C@@H](C)C[C@H](OC)[C@H](O)[C@@H](C)/C=C(\C)[C@H](OC(N)=O)[C@@H](OC)/C=C\C=C(/C)C(=O)NC(=CC1=O)C2=O,,0.0000000,0.0000,0.0000000,0.0000,0.0000000,0.0000,1
14.9317,14.9317,-14.9317,0.0000000,C=CCNC1=C2C[C@@H](C)C[C@H](OC)[C@H](O)[C@H](C)/C=C(\C)[C@H](O)[C@@H](O)[C@H](O)/C=C\C(C)(C)OC1,0,C=CCNC1=C2C[C@@H](C)C[C@H](OC)[C@H](O)[C@@H](C)/C=C(\C)[C@H](OC(N)=O)[C@@H](OC)/C=C\C=C(/C)C(=O)NC(=CC1=O)C2=O,,0.0000000,0.0000,0.0000000,0.0000,0.0000000,0.0000,1
20.8424,20.8424,-20.8424,0.0000000,C=CCNC1=C2C[C@@H](C)C[C@H](OC)[C@H](O)[C@H](C)/C=C(\C)[C@H](O)[C@H](O)[C@@H](OC)/C=C\[C@@H](C)C(=O)N[C@H]1C,0,C=CCNC1=C2C[C@@H](C)C[C@H](OC)[C@H](O)[C@@H](C)/C=C(\C)[C@H](OC(N)=O)[C@@H](OC)/C=C\C=C(/C)C(=O)NC(=CC1=O)C2=O,,0.0000000,0.0000,0.0000000,0.0000,0.0000000,0.0000,1
16.5948,16.5948,-16.5948,0.0000000,C=CCNC1=C2C[C@@H](C)C[C@H](OC)[C@H](O)[C@H](C)/C=C\[C@@H](C)[C@H](O)[C@@H](O)/C=C\[C@@H](C)C(=O)OCC1=C,0,C=CCNC1=C2C[C@@H](C)C[C@H](OC)[C@H](O)[C@@H](C)/C=C(\C)[C@H](OC(N)=O)[C@@H](OC)/C=C\C=C(/C)C(=O)NC(=CC1=O)C2=O,,0.0000000,0.0000,0.0000000,0.0000,0.0000000,0.0000,1
13.6991,13.6991,-13.6991,0.0000000,C=CCNC1=C2C[C@@H](C)C[C@H](OC)[C@H](O)[C@H](C)/C=C\[C@H](C)[C@H](O)[C@@H](O)[C@@H](O)CC1=O,0,C=CCNC1=C2C[C@@H](C)C[C@H](OC)[C@H](O)[C@@H](C)/C=C(\C)[C@H](OC(N)=O)[C@@H](OC)/C=C\C=C(/C)C(=O)NC(=CC1=O)C2=O,,0.0000000,0.0000,0.0000000,0.0000,0.0000000,0.0000,1
17.2333,17.2333,-17.2333,0.0000000,C=CCNC1=C2C[C@@H](COC)C[C@H](OC)[C@H](O)[C@@H](C)/C=C(\C)[C@H](O)/C=C\[C@@H](C)[C@H](O)[C@@H](O)CC1=O,0,C=CCNC1=C2C[C@@H](C)C[C@H](OC)[C@H](O)[C@@H](C)/C=C(\C)[C@H](OC(N)=O)[C@@H](OC)/C=C\C=C(/C)C(=O)NC(=CC1=O)C2=O,,0.0000000,0.0000,0.0000000,0.0000,0.0000000,0.0000,1
29.0917,29.0917,-29.0917,0.0000000,C=CCO[C@H]1/C=C/C(C)[C@H](OC)[C@H](OC)/C=C/C(C)=C/[C@H](C)[C@H](O)[C@@H](O)C(=O)NC1=C(C)CC1,0,C=CCNC1=C2C[C@@H](C)C[C@H](OC)[C@H](O)[C@@H](C)/C=C(\C)[C@H](OC(N)=O)[C@@H](OC)/C=C\C=C(/C)C(=O)NC(=CC1=O)C2=O,,0.0000000,0.0000,0.0000000,0.0000,0.0000000,0.0000,1
29.7250,29.7250,3.3879,0.4139112,C=CCO[C@H]1/C=C\C[C@H](O)[C@@H](C)C[C@H]2CC3=C(NC)C(=O)[C@H](OC)C=C[C@H]3[C@]2(C)C[C@H]1O,1,C=CCNC1=C2C[C@@H](C)C[C@H](OC)[C@H](O)[C@@H](C)/C=C(\C)[C@H](OC(N)=O)[C@@H](OC)/C=C\C=C(/C)C(=O)NC(=CC1=O)C2=O,O=C1C=C2C[C@@H]3CCCC/C=C\CCCC3[C@@H]2C=CC1,0.1019108,0.1019,0.5642260,0.5642,5.8625230,5.8625,1
13.3622,13.3622,12.6057,0.3245990,CC(=O)N1CCN(c2ccc(-n3c(=O)ccc4cnc5ccc(-c6cccc(F)c6)cc5c43)c(C(F)(F)F)c2)CC1,1,CCC(=O)N1CCN(c2ccc(-n3c(=O)ccc4cnc5ccc(-c6cnc7ccccc7c6)cc5c43)cc2C(F)(F)F)CC1,O=c1ccc2cnc3ccc(-c4ccccc4)cc3c2n1-c1ccc(N2CCNCC2)cc1,0.1964286,0.1964,0.1997597,0.1998,2.7670995,2.7671,1
10.4050,10.4050,23.4439,0.4231113,CC(=O)N1CCN(c2ccc(-n3c(=O)ccc4cnc5ccc(-c6cnc(C)nc6)cc5c43)cc2)CC1,1,CCC(=O)N1CCN(c2ccc(-n3c(=O)ccc4cnc5ccc(-c6cnc7ccccc7c6)cc5c43)cc2C(F)(F)F)CC1,O=c1ccc2cnc3ccc(-c4cncnc4)cc3c2n1-c1ccc(N2CCNCC2)cc1,0.2229299,0.2229,0.3559943,0.3560,2.6657085,2.6657,1
9.1197,9.1197,22.6139,0.3966704,CC(C)(C)NCC(O)CONC(=O)c1ccc(F)c(F)c1Nc1ccc(I)cc1Cl,1,O=C(NOC[C@H](O)CO)c1ccc(F)c(F)c1Nc1ccc(I)cc1F,c1ccc(Nc2ccccc2)cc1,0.2116788,0.2117,0.2882715,0.2883,3.2516865,3.2517,1
8.4078,8.4078,26.9548,0.4420327,CC(C)(N)CC(O)CNC(=O)c1ccc(F)c(F)c1Nc1ccc(I)cc1F,1,O=C(NOC[C@H](O)CO)c1ccc(F)c(F)c1Nc1ccc(I)cc1F,c1ccc(Nc2ccccc2)cc1,0.1940299,0.1940,0.4312718,0.4313,3.1712312,3.1712,1
6.5805,6.5805,27.8642,0.4305582,CC(C)(O)CONC(=O)c1ccc(F)c(F)c1Nc1ccc(I)cc1F,1,O=C(NOC[C@H](O)CO)c1ccc(F)c(F)c1Nc1ccc(I)cc1F,c1ccc(Nc2ccccc2)cc1,0.1923077,0.1923,0.4338952,0.4339,2.7801910,2.7802,1
7.7458,7.7458,22.4584,0.3775529,CC(C)ONC(=O)c1ccc(F)c(F)c1Nc1ccc(I)cc1C(F)(F)F,1,O=C(NOC[C@H](O)CO)c1ccc(F)c(F)c1Nc1ccc(I)cc1F,c1ccc(Nc2ccccc2)cc1,0.1804511,0.1805,0.3286374,0.3286,2.7900298,2.7900,1
6.2300,6.2300,30.6136,0.4605454,CC(C)ONC(=O)c1ccc(F)c(F)c1Nc1ccc(I)cc1Cl,1,O=C(NOC[C@H](O)CO)c1ccc(F)c(F)c1Nc1ccc(I)cc1F,c1ccc(Nc2ccccc2)cc1,0.2096774,0.2097,0.4796880,0.4797,2.6622470,2.6622,1
21.4953,21.4953,-21.4953,0.0000000,CC/C(=C\[C@H](C)[C@H](O)[C@H](C)CC1=C(\F)C(=O)NC(=O)[C@@H](OC)[C@@H](O)/C=C\[C@@H](C)[C@@H](O)C1,0,C=CCNC1=C2C[C@@H](C)C[C@H](OC)[C@H](O)[C@@H](C)/C=C(\C)[C@H](OC(N)=O)[C@@H](OC)/C=C\C=C(/C)C(=O)NC(=CC1=O)C2=O,,0.0000000,0.0000,0.0000000,0.0000,0.0000000,0.0000,1
14.4061,14.4061,23.7662,0.4771530,CC1(C)CN(C(=O)c2ccc(F)c(F)c2Nc2ccc(I)cc2F)CC(C)(O)C1,1,O=C(NOC[C@H](O)CO)c1ccc(F)c(F)c1Nc1ccc(I)cc1F,O=C(c1ccccc1Nc1ccccc1)N1CCCCC1,0.1811594,0.1812,0.5582573,0.5583,3.3396183,3.3396,1
4.8189,4.8189,34.2071,0.4878254,CC1(O)CN(C(=O)c2ccc(F)c(F)c2Nc2ccc(I)cc2F)C1,1,O=C(NOC[C@H](O)CO)c1ccc(F)c(F)c1Nc1ccc(I)cc1F,O=C(c1ccccc1Nc1ccccc1)N1CCC1,0.1782946,0.1783,0.6854732,0.6855,2.5868639,2.5869,1
24.2759,24.2759,4.1854,0.3557671,CC(=O)O[C@H]1C[C@H](C)CC2=C(C)C(O)=C[C@@H]2C(=O)C[C@@H](O)[C@H](C)/C=C\[C@@H](O)/C(C)=C/[C@H](C)[C@H]1O,1,COC1=C2C[C@@H](C)C[C@H](OC)[C@H](O)[C@@H](C)/C=C(\C)[C@H](OC(N)=O)[C@@H](OC)/C=C\C=C(/C)C(=O)NC(=CC1=O)C2=O,O=C1CCC/C=C\C/C=C/CCCCCCC2=CC=C[C@H]12,0.1146497,0.1146,0.3369160,0.3369,5.5714846,5.5715,1
28.1907,28.1907,-28.1907,0.0000000,CCC1=C(O)/C=C\[C@@H](C)[C@H](O)[C@@H](C)C[C@H]2C[C@@H]2C[C@@H](OC)C=C2C(=O)NC(=O)[C@H]1O,0,COC1=C2C[C@@H](C)C[C@H](OC)[C@H](O)[C@@H](C)/C=C(\C)[C@H](OC(N)=O)[C@@H](OC)/C=C\C=C(/C)C(=O)NC(=CC1=O)C2=O,,0.0000000,0.0000,0.0000000,0.0000,0.0000000,0.0000,1
26.4218,26.4218,-26.4218,0.0000000,CCC1=C2C[C@@H](C)C[C@H](OC)[C@H](O)/C=C(\C)[C@H](O)[C@@H](OC)CC3=C(C)C(=CCO1)=C2,0,COC1=C2C[C@@H](C)C[C@H](OC)[C@H](O)[C@@H](C)/C=C(\C)[C@H](OC(N)=O)[C@@H](OC)/C=C\C=C(/C)C(=O)NC(=CC1=O)C2=O,,0.0000000,0.0000,0.0000000,0.0000,0.0000000,0.0000,1
7.7687,7.7687,69.5955,0.9670525,CCC1N=C(c2ccc(Cl)cc2)c2cc(OC)ccc2-n2c(C)nnc21,1,CCNC(=O)C[C@@H]1N=C(c2ccc(Cl)cc2)c2cc(OC)ccc2-n2c(C)nnc21,c1ccc(C2=NCc3nncn3-c3ccccc32)cc1,0.8068182,0.8068,0.6833742,0.6834,2.9553340,2.9553,1
17.0350,17.0350,-17.0350,0.0000000,CCCC1=C2C=C3C[C@H](C)C[C@H](OC)[C@H](O)[C@H](C)/C=C(\C)[C@H](O)[C@@H](OC)/C=C\[C@@H](C)C(=O)NC1=O,0,COC1=C2C[C@@H](C)C[C@H](OC)[C@H](O)[C@@H](C)/C=C(\C)[C@H](OC(N)=O)[C@@H](OC)/C=C\C=C(/C)C(=O)NC(=CC1=O)C2=O,,0.0000000,0.0000,0.0000000,0.0000,0.0000000,0.0000,1
24.6729,24.6729,15.1022,0.4971880,CCCCC1=NC2=C(C)C[C@@H](OC)[C@H](C)[C@H](O)[C@@H](C)CC2=C(C)C(=O)NC1=O,1,COC1=C2C[C@@H](C)C[C@H](OC)[C@H](O)[C@@H](C)/C=C(\C)[C@H](OC(N)=O)[C@@H](OC)/C=C\C=C(/C)C(=O)NC(=CC1=O)C2=O,O=C1C=NC2=CCCCCCCC2=CC(=O)N1,0.1347518,0.1348,0.7210613,0.7211,4.9726205,4.9726,1
15.7424,15.7424,22.1631,0.4738179,CCCCCO[C@@H]1/C=C\C=C(\C)[C@H](O)[C@@H](C)CC2=C(OC)C(=O)C=C[C@H]2OC1=O,1,COC1=C2C[C@@H](C)C[C@H](OC)[C@H](O)[C@@H](C)/C=C(\C)[C@H](OC(N)=O)[C@@H](OC)/C=C\C=C(/C)C(=O)NC(=CC1=O)C2=O,O=C1C=C[C@H]2OC(=O)C/C=C\C=CCCCC2=C1,0.1538462,0.1538,0.5396080,0.5396,5.0416072,5.0416,1
17.6200,17.6200,22.6713,0.5036418,CCCN(C)C1CC(c2ccc(F)c(F)c2Nc2ccc(I)cc2F)C(=O)N1,1,O=C(NOC[C@H](O)CO)c1ccc(F)c(F)c1Nc1ccc(I)cc1F,O=C1NCCC1c1ccccc1Nc1ccccc1,0.1911765,0.1912,0.5612713,0.5613,3.8870799,3.8871,1
9.0140,9.0140,34.2307,0.5405595,CCCNC(=O)c1c(C)[nH]c(/C=C2\C(=O)Nc3ccc(F)cc32)c1C,1,CCN(CC)CCNC(=O)c1c(C)[nH]c(/C=C2\C(=O)Nc3ccc(F)cc32)c1C,O=C1Nc2ccccc2/C1=C/c1ccc[nH]1,0.2125984,0.2126,0.7457680,0.7458,2.5060191,2.5060,1
5.8703,5.8703,30.1361,0.4500802,CCCNCC(=O)Nc1c(C)[nH]c(/C=C2\C(=O)Nc3ccc(F)cc32)c1C,1,CCN(CC)CCNC(=O)c1c(C)[nH]c(/C=C2\C(=O)Nc3ccc(F)cc32)c1C,O=C1Nc2ccccc2/C1=C/c1ccc[nH]1,0.2030075,0.2030,0.4652503,0.4653,2.6996743,2.6997,1
20.6977,20.6977,-20.6977,0.0000000,CCCOC1=C2C[C@@H](C)C[C@H](OC)[C@H](O)/C=C(\C)[C@H](O)/C=C/[C@H](C)[C@H](O)C=C(C)C(=O)NC1=O,0,COC1=C2C[C@@H](C)C[C@H](OC)[C@H](O)[C@@H](C)/C=C(\C)[C@H](OC(N)=O)[C@@H](OC)/C=C\C=C(/C)C(=O)NC(=CC1=O)C2=O,,0.0000000,0.0000,0.0000000,0.0000,0.0000000,0.0000,1
25.7568,25.7568,-25.7568,0.0000000,CCCO[C@H]1/C=C\C=C(\C)C(=O)CO[C@@H]2C=C(OC)C(=CC3=O)C(=O)[C@@H](C)C[C@H](OC)C[C@]12C,0,COC1=C2C[C@@H](C)C[C@H](OC)[C@H](O)[C@@H](C)/C=C(\C)[C@H](OC(N)=O)[C@@H](OC)/C=C\C=C(/C)C(=O)NC(=CC1=O)C2=O,,0.0000000,0.0000,0.0000000,0.0000,0.0000000,0.0000,1
5.4828,5.4828,31.1716,0.4581810,CCN(CC)CC(O)CNC(=O)c1c(C)[nH]c(/C=C2\C(=O)Nc3ccc(F)cc32)c1C,1,CCN(CC)CCNC(=O)c1c(C)[nH]c(/C=C2\C(=O)Nc3ccc(F)cc32)c1C,O=C1Nc2ccccc2/C1=C/c1ccc[nH]1,0.1888112,0.1888,0.4861946,0.4862,3.2199271,3.2199,1
10.4500,10.4500,26.7138,0.4645471,CCN(CC)CC(O)CNC(=O)c1c(C)[nH]c(/C=C2\C(=O)Nc3ccccc32)c1C,1,CCN(CC)CCNC(=O)c1c(C)[nH]c(/C=C2\C(=O)Nc3ccc(F)cc32)c1C,O=C1Nc2ccccc2/C1=C/c1ccc[nH]1,0.1914894,0.1915,0.5029570,0.5030,3.1339550,3.1340,1
5.8066,5.8066,33.4392,0.4905732,CCN(CC)CCN(C)C(=O)c1c(C)[nH]c(/C=C2\C(=O)Nc3ccc(F)cc32)c1C,1,CCN(CC)CCNC(=O)c1c(C)[nH]c(/C=C2\C(=O)Nc3ccc(F)cc32)c1C,O=C1Nc2ccccc2/C1=C/c1ccc[nH]1,0.1760563,0.1761,0.6819919,0.6820,2.7733731,2.7734,1
14.0909,14.0909,24.7681,0.4857372,CCN(CC)CCNC(=O)C(C)c1c(C)[nH]c(/C=C2\C(=O)Nc3ccc(F)cc32)c1C,1,CCN(CC)CCNC(=O)c1c(C)[nH]c(/C=C2\C(=O)Nc3ccc(F)cc32)c1C,O=C1Nc2ccccc2/C1=C/c1ccc[nH]1,0.1888112,0.1888,0.5617513,0.5618,3.2934763,3.2935,1
6.3021,6.3021,34.8580,0.5145015,CCN(CC)CCNC(=O)c1c(C)[nH]c(/C=C2\C(=O)N(CC)c3ccccc32)c1C,1,CCN(CC)CCNC(=O)c1c(C)[nH]c(/C=C2\C(=O)Nc3ccc(F)cc32)c1C,O=C1Nc2ccccc2/C1=C/c1ccc[nH]1,0.2086331,0.2086,0.6558737,0.6559,2.6013220,2.6013,1
7.6164,7.6164,26.9933,0.4326209,CCN(CC)CCNC(=O)c1c(C)[nH]c(/C=C2\C(=O)N(CCCC#N)c3ccc(F)cc32)c1C,1,CCN(CC)CCNC(=O)c1c(C)[nH]c(/C=C2\C(=O)Nc3ccc(F)cc32)c1C,O=C1Nc2ccccc2/C1=C/c1ccc[nH]1,0.2013423,0.2013,0.4092978,0.4093,2.8794747,2.8795,1
6.7105,6.7105,30.4045,0.4639375,CCN(CC)CCNC(=O)c1c(C)[nH]c(/C=C2\C(=O)Nc3ccc(-c4ccccc4)cc32)c1C,1,CCN(CC)CCNC(=O)c1c(C)[nH]c(/C=C2\C(=O)Nc3ccc(F)cc32)c1C,O=C1Nc2ccc(-c3ccccc3)cc2/C1=C/c1ccc[nH]1,0.2397260,0.2397,0.4236710,0.4237,2.5965162,2.5965,1
7.1333,7.1333,30.9057,0.4754870,CCN(CC)CCNC(=O)c1c(C)[nH]c(/C=C2\C(=O)Nc3ccc(-c4cccnc4)cc32)c1C,1,CCN(CC)CCNC(=O)c1c(C)[nH]c(/C=C2\C(=O)Nc3ccc(F)cc32)c1C,O=C1Nc2ccc(-c3cccnc3)cc2/C1=C/c1ccc[nH]1,0.2397260,0.2397,0.4410970,0.4411,2.7310893,2.7311,1
5.1619,5.1619,31.6860,0.4605985,CCN(CC)CCNC(=O)c1c(C)[nH]c(/C=C2\C(=O)Nc3ccc(F)c(F)c32)c1C,1,CCN(CC)CCNC(=O)c1c(C)[nH]c(/C=C2\C(=O)Nc3ccc(F)cc32)c1C,O=C1Nc2ccccc2/C1=C/c1ccc[nH]1,0.1678322,0.1678,0.6051231,0.6051,2.8139997,2.8140,1
5.8931,5.8931,28.4413,0.4291801,CCN(CC)CCNC(=O)c1c(C)[nH]c(/C=C2\C(=O)Nc3ccc(O)cc32)c1C,1,CCN(CC)CCNC(=O)c1c(C)[nH]c(/C=C2\C(=O)Nc3ccc(F)cc32)c1C,O=C1Nc2ccccc2/C1=C/c1ccc[nH]1,0.1956522,0.1957,0.4272876,0.4273,2.7071145,2.7071,1
11.0847,11.0847,21.9581,0.4130353,CCN(CC)CCNC(=O)c1c(C)[nH]c(C=C2C(=O)Nc3ccc(S(=O)(=O)N4CCOCC4)cc32)c1C,1,CCN(CC)CCNC(=O)c1c(C)[nH]c(/C=C2\C(=O)Nc3ccc(F)cc32)c1C,O=C1Nc2ccc(S(=O)(=O)N3CCOCC3)cc2C1=Cc1ccc[nH]1,0.1750000,0.1750,0.4281910,0.4282,2.8503680,2.8504,1
8.7915,8.7915,29.4502,0.4780220,CCN(CC)CCNC(=O)c1c(C)[nH]c2c1CC(C)C(=O)N2,1,CCN(CC)CCNC(=O)c1c(C)[nH]c(/C=C2\C(=O)Nc3ccc(F)cc32)c1C,O=C1CCc2cc[nH]c2N1,0.1417323,0.1417,0.7456328,0.7456,3.3515449,3.3515,1
9.9960,9.9960,32.2500,0.5280739,CCN(CC)CCNC(=O)c1c(C)[nH]c2c1CC/C2=C1\C(=O)Nc2ccc(Cl)cc21,1,CCN(CC)CCNC(=O)c1c(C)[nH]c(/C=C2\C(=O)Nc3ccc(F)cc32)c1C,O=C1Nc2ccccc2/C1=C1/CCc2cc[nH]c21,0.2246377,0.2246,0.6136603,0.6137,2.8733570,2.8734,1
5.6842,5.6842,33.3398,0.4878006,CCN(CC)CCNC(=O)c1c(C)[nH]c2c1CCC/C2=C1/C(=O)Nc2ccc(C)cc21,1,CCN(CC)CCNC(=O)c1c(C)[nH]c(/C=C2\C(=O)Nc3ccc(F)cc32)c1C,O=C1Nc2ccccc2/C1=C1\CCCc2cc[nH]c21,0.1862069,0.1862,0.6204480,0.6204,2.8524957,2.8525,1
9.8510,9.8510,31.6203,0.5183907,CCN(CC)CCNC(=O)c1cc(/C=C2\C(=O)Nc3c(F)cccc32)[nH]c1C,1,CCN(CC)CCNC(=O)c1c(C)[nH]c(/C=C2\C(=O)Nc3ccc(F)cc32)c1C,O=C1Nc2ccccc2/C1=C/c1ccc[nH]1,0.2074074,0.2074,0.6424165,0.6424,2.8616425,2.8616,1
7.0698,7.0698,36.5617,0.5453938,CCN(CC)CCNC(=O)c1cc(/C=C2\C(=O)Nc3ccc(Cl)cc32)[nH]c1C,1,CCN(CC)CCNC(=O)c1c(C)[nH]c(/C=C2\C(=O)Nc3ccc(F)cc32)c1C,O=C1Nc2ccccc2/C1=C/c1ccc[nH]1,0.2442748,0.2443,0.6219073,0.6219,2.7328732,2.7329,1
10.1989,10.1989,31.2724,0.5183907,CCN(CC)CCNC(=O)c1cc(C=C2C(=O)Nc3c(F)cccc32)[nH]c1C,1,CCN(CC)CCNC(=O)c1c(C)[nH]c(/C=C2\C(=O)Nc3ccc(F)cc32)c1C,O=C1Nc2ccccc2C1=Cc1ccc[nH]1,0.2074074,0.2074,0.6424165,0.6424,2.8616425,2.8616,1
8.3247,8.3247,29.9446,0.4783668,CCN1CCN(C(=O)c2ccc(F)c(F)c2Nc2ccc(I)cc2F)CC1,1,O=C(NOC[C@H](O)CO)c1ccc(F)c(F)c1Nc1ccc(I)cc1F,O=C(c1ccccc1Nc1ccccc1)N1CCNCC1,0.1851852,0.1852,0.6538019,0.6538,2.3446884,2.3447,1
7.9285,7.9285,29.7903,0.4714851,CCNCCN(C)C(=O)c1c(C)[nH]c(/C=C2\C(=O)Nc3ccc(F)cc32)c1C,1,CCN(CC)CCNC(=O)c1c(C)[nH]c(/C=C2\C(=O)Nc3ccc(F)cc32)c1C,O=C1Nc2ccccc2/C1=C/c1ccc[nH]1,0.2000000,0.2000,0.5293713,0.5294,2.7663374,2.7663,1
7.8095,7.8095,32.6122,0.5052708,CCNCCNC(=O)c1c(C)[nH]c(/C=C2\C(=O)Nc3ccc(OC)cc32)c1C,1,CCN(CC)CCNC(=O)c1c(C)[nH]c(/C=C2\C(=O)Nc3ccc(F)cc32)c1C,O=C1Nc2ccccc2/C1=C/c1ccc[nH]1,0.2834646,0.2835,0.4370068,0.4370,2.6020910,2.6021,1
5.8315,5.8315,34.3094,0.5017611,CCOC(=O)c1c(C)[nH]c(/C=C2\C(=O)Nc3ccc(F)cc32)c1C,1,CCN(CC)CCNC(=O)c1c(C)[nH]c(/C=C2\C(=O)Nc3ccc(F)cc32)c1C,O=C1Nc2ccccc2/C1=C/c1ccc[nH]1,0.1984127,0.1984,0.6695783,0.6696,2.4550062,2.4550,1
7.3624,7.3624,25.9480,0.4163796,CCOC(=O)c1ccc2cnc3ccc(-c4cnc5ccccc5c4)cc3c2n1,1,CCC(=O)N1CCN(c2ccc(-n3c(=O)ccc4cnc5ccc(-c6cnc7ccccc7c6)cc5c43)cc2C(F)(F)F)CC1,c1ccc2ncc(-c3ccc4ncc5cccnc5c4c3)cc2c1,0.2500000,0.2500,0.3193671,0.3194,2.3272166,2.3272,1
4.4969,4.4969,33.9169,0.4801730,CCONC(=O)c1ccc(F)c(F)c1Nc1ccc(I)cc1Cl,1,O=C(NOC[C@H](O)CO)c1ccc(F)c(F)c1Nc1ccc(I)cc1F,c1ccc(Nc2ccccc2)cc1,0.2231405,0.2231,0.5129969,0.5130,2.5150255,2.5150,1
24.7053,24.7053,-24.7053,0.0000000,CCO[C@H]1/C=C\C=C(\C)C(OC)[C@H](C)CC2=C(COCCO)C(=O)NC(=O)[C@H](OC)[C@@H](OC)C2=O,0,COC1=C2C[C@@H](C)C[C@H](OC)[C@H](O)[C@@H](C)/C=C(\C)[C@H](OC(N)=O)[C@@H](OC)/C=C\C=C(/C)C(=O)NC(=CC1=O)C2=O,,0.0000000,0.0000,0.0000000,0.0000,0.0000000,0.0000,1
7.2222,7.2222,64.8768,0.9012376,CC[C@@H]1N=C(c2ccc(OC)cc2)c2cc(OC)ccc2-n2c(C)nnc21,1,CCNC(=O)C[C@@H]1N=C(c2ccc(Cl)cc2)c2cc(OC)ccc2-n2c(C)nnc21,c1ccc(C2=NCc3nncn3-c3ccccc32)cc1,0.6701031,0.6701,0.7062384,0.7062,2.9302850,2.9303,1
5.4595,5.4595,25.5691,0.3878565,CN1CCN(c2ccc(-n3c(=O)ccc4cnc5ccc(-c6ccc(C(=O)N(C)C)c(F)c6)cc5c43)cc2)CC1,1,CCC(=O)N1CCN(c2ccc(-n3c(=O)ccc4cnc5ccc(-c6cnc7ccccc7c6)cc5c43)cc2C(F)(F)F)CC1,O=c1ccc2cnc3ccc(-c4ccccc4)cc3c2n1-c1ccc(N2CCNCC2)cc1,0.2060606,0.2061,0.3096622,0.3097,2.6616323,2.6616,1
12.6107,12.6107,26.8425,0.4931642,CN(C)C1CCN(c2nc(Nc3ccc(F)c(Cl)c3)c3ncnn3n2)CC1,1,CCN(CC)CC1CCN(c2ncc3ncnc(Nc4ccc(F)c(Cl)c4)c3n2)CC1,c1ccc(Nc2nc(N3CCCCC3)nn3ncnc23)cc1,0.1654676,0.1655,0.7333818,0.7334,2.8507845,2.8508,1
11.4169,11.4169,23.8274,0.4405534,CN(C)C1CCN(c2ncc3ncnc(Nc4cccc(Oc5cccc(Cl)c5)c4)c3n2)CC1,1,CCN(CC)CC1CCN(c2ncc3ncnc(Nc4ccc(F)c(Cl)c4)c3n2)CC1,c1ccc(Oc2cccc(Nc3ncnc4cnc(N5CCCCC5)nc34)c2)cc1,0.2185430,0.2185,0.4103705,0.4104,2.6064776,2.6065,1
11.1644,11.1644,27.1676,0.4791492,CN(C)C1CCN(c2ncc3ncnc(Nc4ccccc4)c3n2)CC1,1,CCN(CC)CC1CCN(c2ncc3ncnc(Nc4ccc(F)c(Cl)c4)c3n2)CC1,c1ccc(Nc2ncnc3cnc(N4CCCCC4)nc23)cc1,0.1582734,0.1583,0.7763442,0.7763,2.4198248,2.4198,1
5.4122,5.4122,33.1622,0.4821808,CN(C)CC1(O)CN(C(=O)c2ccc(F)c(F)c2Nc2ccc(I)cc2F)C1,1,O=C(NOC[C@H](O)CO)c1ccc(F)c(F)c1Nc1ccc(I)cc1F,O=C(c1ccccc1Nc1ccccc1)N1CCC1,0.1851852,0.1852,0.6137298,0.6137,2.7759872,2.7760,1
6.6018,6.6018,34.1333,0.5091880,CN(C)CC1CCN(c2ncc3ccnc(Nc4ccc(F)c(Cl)c4)c3n2)CC1,1,CCN(CC)CC1CCN(c2ncc3ncnc(Nc4ccc(F)c(Cl)c4)c3n2)CC1,c1ccc(Nc2nccc3cnc(N4CCCCC4)nc23)cc1,0.2000000,0.2000,0.6698452,0.6698,2.6041424,2.6041,1
13.0567,13.0567,22.3171,0.4421729,CN(C)CC1CCN(c2ncc3nc(C(F)(F)F)nc(Nc4ccc(F)c(Cl)c4)c3n2)CC1,1,CCN(CC)CC1CCN(c2ncc3ncnc(Nc4ccc(F)c(Cl)c4)c3n2)CC1,c1ccc(Nc2ncnc3cnc(N4CCCCC4)nc23)cc1,0.1721854,0.1722,0.5248960,0.5249,2.8336959,2.8337,1
5.6427,5.6427,33.7644,0.4925888,CN(C)CC1CCN(c2ncc3ncnc(Nc4ccc(F)c(Cl)c4)c3n2)CC1,1,CCN(CC)CC1CCN(c2ncc3ncnc(Nc4ccc(F)c(Cl)c4)c3n2)CC1,c1ccc(Nc2ncnc3cnc(N4CCCCC4)nc23)cc1,0.1830986,0.1831,0.6802472,0.6802,2.6000736,2.6001,1
7.2923,7.2923,31.2741,0.4820797,CN(C)CC1CCN(c2ncc3ncnc(Nc4ccc(OC(F)(F)F)cc4)c3n2)CC1,1,CCN(CC)CC1CCN(c2ncc3ncnc(Nc4ccc(F)c(Cl)c4)c3n2)CC1,c1ccc(Nc2ncnc3cnc(N4CCCCC4)nc23)cc1,0.1891892,0.1892,0.6107821,0.6108,2.6634006,2.6634,1
9.1520,9.1520,29.0095,0.4770186,CN(C)CCC1CCN(c2ncc3ncnc(Nc4cccc(O)c4)c3n2)CC1,1,CCN(CC)CC1CCN(c2ncc3ncnc(Nc4ccc(F)c(Cl)c4)c3n2)CC1,c1ccc(Nc2ncnc3cnc(N4CCCCC4)nc23)cc1,0.1736111,0.1736,0.6604376,0.6604,2.6313413,2.6313,1
13.5206,13.5206,25.1681,0.4836076,CN(C)CCC1CCN(c2nccc3ncnc(Nc4ccc5c(c4)OCO5)c23)CC1,1,CCN(CC)CC1CCN(c2ncc3ncnc(Nc4ccc(F)c(Cl)c4)c3n2)CC1,c1cc2ncnc(Nc3ccc4c(c3)OCO4)c2c(N2CCCCC2)n1,0.1812081,0.1812,0.6475058,0.6475,2.6651936,2.6652,1
17.4489,17.4489,10.7859,0.3529356,CN(C)CCCn1cc(Nc2ncnc3cnc(N4CCC(CCNS(C)(=O)=O)CC4)nc23)cn1,1,CCN(CC)CC1CCN(c2ncc3ncnc(Nc4ccc(F)c(Cl)c4)c3n2)CC1,c1nc(Nc2cn[nH]c2)c2nc(N3CCCCC3)ncc2n1,0.1280488,0.1280,0.3968107,0.3968,2.9739482,2.9739,1
5.0309,5.0309,36.3872,0.5177260,CN(C)CCN(C)c1ncc2ncnc(Nc3ccc(F)c(Cl)c3)c2n1,1,CCN(CC)CC1CCN(c2ncc3ncnc(Nc4ccc(F)c(Cl)c4)c3n2)CC1,c1ccc(Nc2ncnc3cncnc23)cc1,0.1969697,0.1970,0.7097837,0.7098,2.6263290,2.6263,1
7.4419,7.4419,20.7565,0.3524800,CN(C)CCc1ccc(-n2c(=O)ccc3cnc4ccc(-c5cnc6ccccc6c5)cc4c32)c(C(F)(F)F)c1,1,CCC(=O)N1CCN(c2ccc(-n3c(=O)ccc4cnc5ccc(-c6cnc7ccccc7c6)cc5c43)cc2C(F)(F)F)CC1,O=c1ccc2cnc3ccc(-c4cnc5ccccc5c4)cc3c2n1-c1ccccc1,0.2134146,0.2134,0.2247442,0.2247,2.7956569,2.7957,1
6.5261,6.5261,24.2835,0.3851196,CN(C)Cc1ccc(-n2c(=O)ccc3cnc4ccc(-c5cnc6ccccc6c5)cc4c32)cc1,1,CCC(=O)N1CCN(c2ccc(-n3c(=O)ccc4cnc5ccc(-c6cnc7ccccc7c6)cc5c43)cc2C(F)(F)F)CC1,O=c1ccc2cnc3ccc(-c4cnc5ccccc5c4)cc3c2n1-c1ccccc1,0.2064516,0.2065,0.3139679,0.3140,2.4821638,2.4822,1
6.2554,6.2554,33.2760,0.4941428,CN(c1ccc(F)c(Cl)c1)c1ncnc2cnc(N3CCC(N)CC3)nc12,1,CCN(CC)CC1CCN(c2ncc3ncnc(Nc4ccc(F)c(Cl)c4)c3n2)CC1,c1ccc(Nc2ncnc3cnc(N4CCCCC4)nc23)cc1,0.1654676,0.1655,0.7391413,0.7391,2.8363611,2.8364,1
6.3652,6.3652,31.4083,0.4721685,CN(c1ccc(F)c(Cl)c1)c1ncnc2cnc(N3CCOCC3)nc12,1,CCN(CC)CC1CCN(c2ncc3ncnc(Nc4ccc(F)c(Cl)c4)c3n2)CC1,c1ccc(Nc2ncnc3cnc(N4CCOCC4)nc23)cc1,0.1594203,0.1594,0.6978549,0.6979,2.7230295,2.7230,1
3.2805,3.2805,35.3584,0.4829853,CN1CCC(CNc2ncc3ncnc(Nc4ccc(F)c(Cl)c4)c3n2)CC1,1,CCN(CC)CC1CCN(c2ncc3ncnc(Nc4ccc(F)c(Cl)c4)c3n2)CC1,c1ccc(Nc2ncnc3cnc(NCC4CCNCC4)nc23)cc1,0.1773050,0.1773,0.6741819,0.6742,2.5688845,2.5689,1
3.2462,3.2462,35.5565,0.4850336,CN1CCC(Nc2ncc3ncnc(Nc4ccc(F)c(Cl)c4)c3n2)CC1,1,CCN(CC)CC1CCN(c2ncc3ncnc(Nc4ccc(F)c(Cl)c4)c3n2)CC1,c1ccc(Nc2ncnc3cnc(NC4CCNCC4)nc23)cc1,0.1726619,0.1727,0.7091923,0.7092,2.5261751,2.5262,1
5.0605,5.0605,33.3969,0.4807168,CN1CCCN(c2ncc3ncnc(Nc4ccc(F)c(Cl)c4)c3n2)CC1,1,CCN(CC)CC1CCN(c2ncc3ncnc(Nc4ccc(F)c(Cl)c4)c3n2)CC1,c1ccc(Nc2ncnc3cnc(N4CCCNCC4)nc23)cc1,0.1642857,0.1643,0.7399805,0.7400,2.4844840,2.4845,1
8.3993,8.3993,32.3013,0.5087574,CN1CCC[C@H]1CNc1ncc2ncnc(Nc3ccc(F)c(Cl)c3)c2n1,1,CCN(CC)CC1CCN(c2ncc3ncnc(Nc4ccc(F)c(Cl)c4)c3n2)CC1,c1ccc(Nc2ncnc3cnc(NC[C@@H]4CCCN4)nc23)cc1,0.1811594,0.1812,0.6935384,0.6935,3.0463101,3.0463,1
7.2680,7.2680,-7.2680,0.0000000,CN1CCN(C(=O)c2ccc(-n3c(=O)ccc4cnc5ccc(-c6cnc7ccccc5c6)cc5c43)cc2)CC1,0,CCC(=O)N1CCN(c2ccc(-n3c(=O)ccc4cnc5ccc(-c6cnc7ccccc7c6)cc5c43)cc2C(F)(F)F)CC1,,0.0000000,0.0000,0.0000000,0.0000,0.0000000,0.0000,1
8.2939,8.2939,23.9170,0.4026366,CN1CCN(C(=O)c2ccc3cnc4ccc(-c5cnc6ccccc6c5)cc4c3c2)CC1,1,CCC(=O)N1CCN(c2ccc(-n3c(=O)ccc4cnc5ccc(-c6cnc7ccccc7c6)cc5c43)cc2C(F)(F)F)CC1,O=C(c1ccc2cnc3ccc(-c4cnc5ccccc5c4)cc3c2c1)N1CCNCC1,0.2052980,0.2053,0.3688639,0.3689,2.3097976,2.3098,1
2.3734,2.3734,36.6356,0.4876122,CN1CCN(c2ncc3ncnc(Nc4ccc(F)c(Cl)c4)c3n2)CC1,1,CCN(CC)CC1CCN(c2ncc3ncnc(Nc4ccc(F)c(Cl)c4)c3n2)CC1,c1ccc(Nc2ncnc3cnc(N4CCNCC4)nc23)cc1,0.1678832,0.1679,0.7564330,0.7564,2.4387846,2.4388,1
9.1424,9.1424,27.7599,0.4612778,CN1CCN(c2ncc3ncnc(Nc4ccccc4)c3n2)CC1,1,CCN(CC)CC1CCN(c2ncc3ncnc(Nc4ccc(F)c(Cl)c4)c3n2)CC1,c1ccc(Nc2ncnc3cnc(N4CCNCC4)nc23)cc1,0.1470588,0.1471,0.7899590,0.7900,2.2652278,2.2652,1
7.8817,7.8817,30.8842,0.4845738,CNC(=O)CN1CCN(c2ncc3ncnc(Nc4ccc(C#N)c(Cl)c4)c3n2)CC1,1,CCN(CC)CC1CCN(c2ncc3ncnc(Nc4ccc(F)c(Cl)c4)c3n2)CC1,c1ccc(Nc2ncnc3cnc(N4CCNCC4)nc23)cc1,0.1917808,0.1918,0.6113986,0.6114,2.6468266,2.6468,1
7.3194,7.3194,33.8934,0.5151588,CNC(=O)[C@H]1CCCN(c2ncc3ncnc(Nc4ccc(F)c(Cl)c4)c3n2)C1,1,CCN(CC)CC1CCN(c2ncc3ncnc(Nc4ccc(F)c(Cl)c4)c3n2)CC1,c1ccc(Nc2ncnc3cnc(N4CCCCC4)nc23)cc1,0.1914894,0.1915,0.6758449,0.6758,3.0129224,3.0129,1
5.4885,5.4885,33.2256,0.4839265,CNCC(=O)N1CCN(c2ncc3ncnc(Nc4ccc(F)c(Cl)c4)c3n2)CC1,1,CCN(CC)CC1CCN(c2ncc3ncnc(Nc4ccc(F)c(Cl)c4)c3n2)CC1,c1ccc(Nc2ncnc3cnc(N4CCNCC4)nc23)cc1,0.1875000,0.1875,0.6321026,0.6321,2.5916646,2.5917,1
8.0933,8.0933,28.0694,0.4520340,CNCCNC(=O)c1c(C)[nH]c(/C=C2\C(=O)Nc3ccc(F)cc32)c1C,1,CCN(CC)CCNC(=O)c1c(C)[nH]c(/C=C2\C(=O)Nc3ccc(F)cc32)c1C,O=C1Nc2ccccc2/C1=C/c1ccc[nH]1,0.1984733,0.1985,0.4894183,0.4894,2.6317660,2.6318,1
7.9236,7.9236,28.7859,0.4588690,CNc1nc(N2CCC(CN)CC2)nc2c(Nc3ccc(F)c(Cl)c3)ncnc12,1,CCN(CC)CC1CCN(c2ncc3ncnc(Nc4ccc(F)c(Cl)c4)c3n2)CC1,c1ccc(Nc2ncnc3cnc(N4CCCCC4)nc23)cc1,0.1748252,0.1748,0.5821004,0.5821,2.7097852,2.7098,1
4.4490,4.4490,35.9462,0.5049406,CNc1ncc2ncnc(Nc3ccc(F)c(Cl)c3)c2n1,1,CCN(CC)CC1CCN(c2ncc3ncnc(Nc4ccc(F)c(Cl)c4)c3n2)CC1,c1ccc(Nc2ncnc3cncnc23)cc1,0.1788618,0.1789,0.7744962,0.7745,2.4175129,2.4175,1
13.6760,13.6760,26.3685,0.5005553,COC(=O)C1CCN(c2ncc3nc(O)nc(Nc4ccc(F)c(Cl)c4)c3n2)CC1,1,CCN(CC)CC1CCN(c2ncc3ncnc(Nc4ccc(F)c(Cl)c4)c3n2)CC1,c1ccc(Nc2ncnc3cnc(N4CCCCC4)nc23)cc1,0.2056738,0.2057,0.6000905,0.6001,2.7747689,2.7748,1
5.3701,5.3701,59.1547,0.8065607,COC(=O)CC1N=C(c2cc(C)ccc2C)c2cc(OC)ccc2-n2c(C)nnc21,1,CCNC(=O)C[C@@H]1N=C(c2ccc(Cl)cc2)c2cc(OC)ccc2-n2c(C)nnc21,c1ccc(C2=NCc3nncn3-c3ccccc32)cc1,0.5648148,0.5648,0.6203456,0.6203,3.1309980,3.1310,1
8.3463,8.3463,46.2745,0.6827605,COC(=O)CC1N=C(c2ccc(Cl)cc2)c2cc(OC)ccc2N=C1NCc1ccc(F)cc1,1,CCNC(=O)C[C@@H]1N=C(c2ccc(Cl)cc2)c2cc(OC)ccc2-n2c(C)nnc21,c1ccc(CNC2=Nc3ccccc3C(c3ccccc3)=NC2)cc1,0.4677419,0.4677,0.4997200,0.4997,3.0805633,3.0806,1
7.0909,7.0909,50.8844,0.7246914,COC(=O)CC1N=C(c2ccc(Cl)cc2)c2cc(OC)ccc2N=C1NCc1ccncc1,1,CCNC(=O)C[C@@H]1N=C(c2ccc(Cl)cc2)c2cc(OC)ccc2-n2c(C)nnc21,c1ccc(C2=NCC(NCc3ccncc3)=Nc3ccccc32)cc1,0.4876033,0.4876,0.5504218,0.5504,3.1666725,3.1667,1
5.8909,5.8909,63.1627,0.8631692,COC(=O)CC1N=C(c2ccc(Cl)cc2)c2ccccc2-n2c(C)nnc21,1,CCNC(=O)C[C@@H]1N=C(c2ccc(Cl)cc2)c2cc(OC)ccc2-n2c(C)nnc21,c1ccc(C2=NCc3nncn3-c3ccccc32)cc1,0.6530612,0.6531,0.6497100,0.6497,2.9208786,2.9209,1
5.4338,5.4338,55.2519,0.7585707,COC(=O)CC1N=C(c2cccc3[nH]ccc23)c2cc(OC)ccc2-n2c(C)nnc21,1,CCNC(=O)C[C@@H]1N=C(c2ccc(Cl)cc2)c2cc(OC)ccc2-n2c(C)nnc21,c1ccc2c(c1)C(c1cccc3[nH]ccc13)=NCc1nncn1-2,0.5675676,0.5676,0.5148240,0.5148,3.2405632,3.2406,1
7.7475,7.7475,55.3548,0.7887787,COC(=O)CC1N=C(c2cccc3c2CCC3)c2cc(OC)ccc2-n2c(C)nnc21,1,CCNC(=O)C[C@@H]1N=C(c2ccc(Cl)cc2)c2cc(OC)ccc2-n2c(C)nnc21,c1ccc2c(c1)C(c1cccc3c1CCC3)=NCc1nncn1-2,0.5398230,0.5398,0.6082249,0.6082,3.2140004,3.2140,1
9.4280,9.4280,54.8667,0.8036841,COC(=O)CC1N=C(c2cnc(C)c(C)c2)c2cc(OC)ccc2-n2c(C)nnc21,1,CCNC(=O)C[C@@H]1N=C(c2ccc(Cl)cc2)c2cc(OC)ccc2-n2c(C)nnc21,c1cncc(C2=NCc3nncn3-c3ccccc32)c1,0.5504587,0.5505,0.6197621,0.6198,3.2682414,3.2682,1
6.0957,6.0957,31.8705,0.4745781,COC(=O)CN1CCC(CNc2ncc3ncnc(Nc4ccc(F)c(Cl)c4)c3n2)CC1,1,CCN(CC)CC1CCN(c2ncc3ncnc(Nc4ccc(F)c(Cl)c4)c3n2)CC1,c1ccc(Nc2ncnc3cnc(NCC4CCNCC4)nc23)cc1,0.2123288,0.2123,0.5147460,0.5147,2.6349231,2.6349,1
9.2350,9.2350,47.1965,0.7053939,COC(=O)C[C@@H]1N=C(c2ccc(Cl)cc2)c2cc(OC)ccc2N=C1Nc1ccccc1,1,CCNC(=O)C[C@@H]1N=C(c2ccc(Cl)cc2)c2cc(OC)ccc2-n2c(C)nnc21,c1ccc(NC2=Nc3ccccc3C(c3ccccc3)=NC2)cc1,0.4750000,0.4750,0.5403583,0.5404,3.0245006,3.0245,1
10.2818,10.2818,23.7671,0.4256102,COC(=O)Nc1ccc(-c2ccc3ncc4ccc(=O)n(-c5ccc(N6CCN(C)CC6)cc5)c4c3c2)cn1,1,CCC(=O)N1CCN(c2ccc(-n3c(=O)ccc4cnc5ccc(-c6cnc7ccccc7c6)cc5c43)cc2C(F)(F)F)CC1,O=c1ccc2cnc3ccc(-c4cccnc4)cc3c2n1-c1ccc(N2CCNCC2)cc1,0.2298137,0.2298,0.3481889,0.3482,2.6784956,2.6785,1
11.4082,11.4082,49.7548,0.7645372,COC(=O)[C@@H]1N=C(c2cccc(C(F)(F)F)c2)c2cc(OC)ccc2-n2c(C)nnc21,1,CCNC(=O)C[C@@H]1N=C(c2ccc(Cl)cc2)c2cc(OC)ccc2-n2c(C)nnc21,c1ccc(C2=NCc3nncn3-c3ccccc32)cc1,0.5132743,0.5133,0.5928327,0.5928,3.2219048,3.2219,1
11.4416,11.4416,28.1460,0.4948446,COC(=O)c1ccc(Nc2ncnc3cnc(N4CCC(CCO)CC4)nc23)cc1,1,CCN(CC)CC1CCN(c2ncc3ncnc(Nc4ccc(F)c(Cl)c4)c3n2)CC1,c1ccc(Nc2ncnc3cnc(N4CCCCC4)nc23)cc1,0.2112676,0.2113,0.5939973,0.5940,2.5021966,2.5022,1
7.3084,7.3084,26.2580,0.4195799,COC(=O)c1ccc2cnc3ccc(-c4cnc5ccccc5c4)cc3c2n1,1,CCC(=O)N1CCN(c2ccc(-n3c(=O)ccc4cnc5ccc(-c6cnc7ccccc7c6)cc5c43)cc2C(F)(F)F)CC1,c1ccc2ncc(-c3ccc4ncc5cccnc5c4c3)cc2c1,0.2462687,0.2463,0.3325151,0.3325,2.3161559,2.3162,1
27.6670,27.6670,-27.6670,0.0000000,COC1=C2=C[C@@H](C)C[C@H](OC)[C@H](O)[C@@H](C)/C=C(\C)[C@H](C)/C=C1\C=C\C=C(\C)C(=O)N1,0,COC1=C2C[C@@H](C)C[C@H](OC)[C@H](O)[C@@H](C)/C=C(\C)[C@H](OC(N)=O)[C@@H](OC)/C=C\C=C(/C)C(=O)NC(=CC1=O)C2=O,,0.0000000,0.0000,0.0000000,0.0000,0.0000000,0.0000,1
32.1243,32.1243,-32.1243,0.0000000,COC1=C2C(=C[C@@H]3C[C@H](OC)[C@H](OC)[C@H](O)[C@H](O)[C@H]3C)C=C(CCC3=CC[C@H](O)[C@H](OC)C3=O)NC=C1=O,0,COC1=C2C[C@@H](C)C[C@H](OC)[C@H](O)[C@@H](C)/C=C(\C)[C@H](OC(N)=O)[C@@H](OC)/C=C\C=C(/C)C(=O)NC(=CC1=O)C2=O,,0.0000000,0.0000,0.0000000,0.0000,0.0000000,0.0000,1
16.5936,16.5936,-16.5936,0.0000000,COC1=C2C=C3C[C@H](C)C[C@H](OC)[C@H](O)[C@H](C)/C=C(\C)[C@H](O)[C@@H](O)C=C(C)CC(=O)NCC1=O,0,COC1=C2C[C@@H](C)C[C@H](OC)[C@H](O)[C@@H](C)/C=C(\C)[C@H](OC(N)=O)[C@@H](OC)/C=C\C=C(/C)C(=O)NC(=CC1=O)C2=O,,0.0000000,0.0000,0.0000000,0.0000,0.0000000,0.0000,1
17.7834,17.7834,-17.7834,0.0000000,COC1=C2CC(C)C[C@H](OC)[C@H](O)[C@@H](C)[C@H](O)/C=C(\C)[C@H](O)[C@@H](O)CC(=O)C1,0,COC1=C2C[C@@H](C)C[C@H](OC)[C@H](O)[C@@H](C)/C=C(\C)[C@H](OC(N)=O)[C@@H](OC)/C=C\C=C(/C)C(=O)NC(=CC1=O)C2=O,,0.0000000,0.0000,0.0000000,0.0000,0.0000000,0.0000,1
16.8011,16.8011,-16.8011,0.0000000,COC1=C2CCC[C@H](O)[C@H](C)/C=C(\C)[C@H](O)[C@@H](C)[C@H](O)/C=C(\C)[C@H](C)CCC(=O)OC1=O,0,COC1=C2C[C@@H](C)C[C@H](OC)[C@H](O)[C@@H](C)/C=C(\C)[C@H](OC(N)=O)[C@@H](OC)/C=C\C=C(/C)C(=O)NC(=CC1=O)C2=O,,0.0000000,0.0000,0.0000000,0.0000,0.0000000,0.0000,1
16.3161,16.3161,-16.3161,0.0000000,COC1=C2CCC[C@H](O)[C@H](C)[C@H](O)[C@@H](C)/C=C(\C)[C@H](O)/C=C\[C@@H](C)[C@@H](O)[C@@H](O)C=C\C(=O)NC1=O,0,COC1=C2C[C@@H](C)C[C@H](OC)[C@H](O)[C@@H](C)/C=C(\C)[C@H](OC(N)=O)[C@@H](OC)/C=C\C=C(/C)C(=O)NC(=CC1=O)C2=O,,0.0000000,0.0000,0.0000000,0.0000,0.0000000,0.0000,1
19.4689,19.4689,-19.4689,0.0000000,COC1=C2CC[C@@H](C)[C@H](OC)[C@H](O)/C=C(\C)[C@H](O)[C@@H](O)CCCCC(=O)OC1=CC1=O,0,COC1=C2C[C@@H](C)C[C@H](OC)[C@H](O)[C@@H](C)/C=C(\C)[C@H](OC(N)=O)[C@@H](OC)/C=C\C=C(/C)C(=O)NC(=CC1=O)C2=O,,0.0000000,0.0000,0.0000000,0.0000,0.0000000,0.0000,1
16.4375,16.4375,-16.4375,0.0000000,COC1=C2C[C@@H](C)CC(=O)[C@H](C)[C@H](O)[C@H](C)/C=C(\C)[C@H](O)/C=C\C=C(\C)[C@@H](O)/C=C\C1=O,0,COC1=C2C[C@@H](C)C[C@H](OC)[C@H](O)[C@@H](C)/C=C(\C)[C@H](OC(N)=O)[C@@H](OC)/C=C\C=C(/C)C(=O)NC(=CC1=O)C2=O,,0.0000000,0.0000,0.0000000,0.0000,0.0000000,0.0000,1
10.4653,10.4653,-10.4653,0.0000000,COC1=C2C[C@@H](C)C[C@H](O)[C@H](C)/C=C(\C)[C@H](O)/C=C(\C)[C@H](O)/C=C\[C@@H](C)CC(=O)NC1=O,0,COC1=C2C[C@@H](C)C[C@H](OC)[C@H](O)[C@@H](C)/C=C(\C)[C@H](OC(N)=O)[C@@H](OC)/C=C\C=C(/C)C(=O)NC(=CC1=O)C2=O,,0.0000000,0.0000,0.0000000,0.0000,0.0000000,0.0000,1
14.5290,14.5290,-14.5290,0.0000000,COC1=C2C[C@@H](C)C[C@H](O)[C@H](C)/C=C(\C)[C@H](O)/C=C/[C@@H](C)[C@H](O)C(=O)NCC1=CC(C)(C)OC1=O,0,COC1=C2C[C@@H](C)C[C@H](OC)[C@H](O)[C@@H](C)/C=C(\C)[C@H](OC(N)=O)[C@@H](OC)/C=C\C=C(/C)C(=O)NC(=CC1=O)C2=O,,0.0000000,0.0000,0.0000000,0.0000,0.0000000,0.0000,1
10.3790,10.3790,-10.3790,0.0000000,COC1=C2C[C@@H](C)C[C@H](O)[C@H](C)/C=C(\C)[C@H](O)/C=C/[C@@H](C)[C@H](O)[C@@H](O)C=CCC1=O,0,COC1=C2C[C@@H](C)C[C@H](OC)[C@H](O)[C@@H](C)/C=C(\C)[C@H](OC(N)=O)[C@@H](OC)/C=C\C=C(/C)C(=O)NC(=CC1=O)C2=O,,0.0000000,0.0000,0.0000000,0.0000,0.0000000,0.0000,1
20.8835,20.8835,-20.8835,0.0000000,COC1=C2C[C@@H](C)C[C@H](O)[C@H](C)/C=C(\C)[C@H](O)/C=C\[C@H](C)[C@H](O)/C=C\[C@@H](C)[C@@H](O)[C@@]1,0,COC1=C2C[C@@H](C)C[C@H](OC)[C@H](O)[C@@H](C)/C=C(\C)[C@H](OC(N)=O)[C@@H](OC)/C=C\C=C(/C)C(=O)NC(=CC1=O)C2=O,,0.0000000,0.0000,0.0000000,0.0000,0.0000000,0.0000,1
12.8486,12.8486,-12.8486,0.0000000,COC1=C2C[C@@H](C)C[C@H](O)[C@H](C)/C=C(\C)[C@H](O)CCC/C=C(\C)[C@H](O)C=C(\C)COC1=O,0,COC1=C2C[C@@H](C)C[C@H](OC)[C@H](O)[C@@H](C)/C=C(\C)[C@H](OC(N)=O)[C@@H](OC)/C=C\C=C(/C)C(=O)NC(=CC1=O)C2=O,,0.0000000,0.0000,0.0000000,0.0000,0.0000000,0.0000,1
8.3055,8.3055,-8.3055,0.0000000,COC1=C2C[C@@H](C)C[C@H](O)[C@H](C)/C=C(\C)[C@H](O)CCCCC(=O)OCC=C(C)C1=O,0,COC1=C2C[C@@H](C)C[C@H](OC)[C@H](O)[C@@H](C)/C=C(\C)[C@H](OC(N)=O)[C@@H](OC)/C=C\C=C(/C)C(=O)NC(=CC1=O)C2=O,,0.0000000,0.0000,0.0000000,0.0000,0.0000000,0.0000,1
16.9575,16.9575,13.8794,0.3854616,COC1=C2C[C@@H](C)C[C@H](O)[C@H](C)/C=C(\C)[C@H](O)[C@@H](C)[C@@H](O)C=C(C)CC(=O)[C@H]2OC1=O,1,COC1=C2C[C@@H](C)C[C@H](OC)[C@H](O)[C@@H](C)/C=C(\C)[C@H](OC(N)=O)[C@@H](OC)/C=C\C=C(/C)C(=O)NC(=CC1=O)C2=O,O=C1C=C2CCCCCC=CCCCC=CCC(=O)[C@H]2O1,0.1133333,0.1133,0.4273477,0.4273,5.4555149,5.4555,1
8.4437,8.4437,-8.4437,0.0000000,COC1=C2C[C@@H](C)C[C@H](O)[C@H](C)/C=C(\C)[C@H](O)[C@@H](O)/C=C/C(C)=C/C(C)(C)OC1=O,0,COC1=C2C[C@@H](C)C[C@H](OC)[C@H](O)[C@@H](C)/C=C(\C)[C@H](OC(N)=O)[C@@H](OC)/C=C\C=C(/C)C(=O)NC(=CC1=O)C2=O,,0.0000000,0.0000,0.0000000,0.0000,0.0000000,0.0000,1
14.4578,14.4578,-14.4578,0.0000000,COC1=C2C[C@@H](C)C[C@H](O)[C@H](C)/C=C(\C)[C@H](O)[C@@H](O)/C=C/C(C)CC(=O)O,0,COC1=C2C[C@@H](C)C[C@H](OC)[C@H](O)[C@@H](C)/C=C(\C)[C@H](OC(N)=O)[C@@H](OC)/C=C\C=C(/C)C(=O)NC(=CC1=O)C2=O,,0.0000000,0.0000,0.0000000,0.0000,0.0000000,0.0000,1
13.2598,13.2598,-13.2598,0.0000000,COC1=C2C[C@@H](C)C[C@H](O)[C@H](C)/C=C(\C)[C@H](O)[C@@H](O)/C=C/[C@@H](C)CCCC(=O)O,0,COC1=C2C[C@@H](C)C[C@H](OC)[C@H](O)[C@@H](C)/C=C(\C)[C@H](OC(N)=O)[C@@H](OC)/C=C\C=C(/C)C(=O)NC(=CC1=O)C2=O,,0.0000000,0.0000,0.0000000,0.0000,0.0000000,0.0000,1
12.9530,12.9530,-12.9530,0.0000000,COC1=C2C[C@@H](C)C[C@H](O)[C@H](C)/C=C(\C)[C@H](O)[C@@H](O)/C=C\[C@@H](C)[C@H](O)[C@@H](O)C(=O)NC1=O,0,COC1=C2C[C@@H](C)C[C@H](OC)[C@H](O)[C@@H](C)/C=C(\C)[C@H](OC(N)=O)[C@@H](OC)/C=C\C=C(/C)C(=O)NC(=CC1=O)C2=O,,0.0000000,0.0000,0.0000000,0.0000,0.0000000,0.0000,1
23.2773,23.2773,-23.2773,0.0000000,COC1=C2C[C@@H](C)C[C@H](O)[C@H](C)/C=C(\C)[C@H](O)[C@@H](O)C(=O)CCCC=C1\C=C\[C@@H](OC)C(=O)NC1=O,0,COC1=C2C[C@@H](C)C[C@H](OC)[C@H](O)[C@@H](C)/C=C(\C)[C@H](OC(N)=O)[C@@H](OC)/C=C\C=C(/C)C(=O)NC(=CC1=O)C2=O,,0.0000000,0.0000,0.0000000,0.0000,0.0000000,0.0000,1
12.3596,12.3596,-12.3596,0.0000000,COC1=C2C[C@@H](C)C[C@H](O)[C@H](C)/C=C(\C)[C@H](O)[C@@H](O)CC/C=C(\C)C(=O)OCCC1=N\O,0,COC1=C2C[C@@H](C)C[C@H](OC)[C@H](O)[C@@H](C)/C=C(\C)[C@H](OC(N)=O)[C@@H](OC)/C=C\C=C(/C)C(=O)NC(=CC1=O)C2=O,,0.0000000,0.0000,0.0000000,0.0000,0.0000000,0.0000,1
11.7229,11.7229,-11.7229,0.0000000,COC1=C2C[C@@H](C)C[C@H](O)[C@H](C)/C=C(\C)[C@H](O)[C@@H](O)CCC/C=C(\C)C(=O)OC(C)C1=O,0,COC1=C2C[C@@H](C)C[C@H](OC)[C@H](O)[C@@H](C)/C=C(\C)[C@H](OC(N)=O)[C@@H](OC)/C=C\C=C(/C)C(=O)NC(=CC1=O)C2=O,,0.0000000,0.0000,0.0000000,0.0000,0.0000000,0.0000,1
15.8518,15.8518,-15.8518,0.0000000,COC1=C2C[C@@H](C)C[C@H](O)[C@H](C)/C=C(\C)[C@H](O)[C@@H](O)CCCCC(=O)O[C@H](C)[C@@H]1C=C\C=C(C)CO,0,COC1=C2C[C@@H](C)C[C@H](OC)[C@H](O)[C@@H](C)/C=C(\C)[C@H](OC(N)=O)[C@@H](OC)/C=C\C=C(/C)C(=O)NC(=CC1=O)C2=O,,0.0000000,0.0000,0.0000000,0.0000,0.0000000,0.0000,1
15.0294,15.0294,18.9930,0.4252800,COC1=C2C[C@@H](C)C[C@H](O)[C@H](C)/C=C(\C)[C@H](O)[C@H](O)/C=C\[C@@H](C)CC(=O)NCC1=N2,1,COC1=C2C[C@@H](C)C[C@H](OC)[C@H](O)[C@@H](C)/C=C(\C)[C@H](OC(N)=O)[C@@H](OC)/C=C\C=C(/C)C(=O)NC(=CC1=O)C2=O,O=C1CC/C=C\CCC=CCCCCCC2=CC(=N2)CN1,0.1216216,0.1216,0.4855748,0.4856,6.0542790,6.0543,1
13.3400,13.3400,-13.3400,0.0000000,COC1=C2C[C@@H](C)C[C@H](O)[C@H](C)/C=C(\C)[C@H](OC)C(=O)CCCC(=O)NC1=CC1=O,0,COC1=C2C[C@@H](C)C[C@H](OC)[C@H](O)[C@@H](C)/C=C(\C)[C@H](OC(N)=O)[C@@H](OC)/C=C\C=C(/C)C(=O)NC(=CC1=O)C2=O,,0.0000000,0.0000,0.0000000,0.0000,0.0000000,0.0000,1
17.1031,17.1031,15.7588,0.4107735,COC1=C2C[C@@H](C)C[C@H](O)[C@H](C)/C=C(\C)[C@H](OC)[C@H](O)CCC/C=C(\C)C(=O)OC2=CC1=O,1,COC1=C2C[C@@H](C)C[C@H](OC)[C@H](O)[C@@H](C)/C=C(\C)[C@H](OC(N)=O)[C@@H](OC)/C=C\C=C(/C)C(=O)NC(=CC1=O)C2=O,O=C1C=C2CCCCCC=CCCCCCC=CC(=O)OC2=C1,0.1225806,0.1226,0.4757422,0.4757,5.1461822,5.1462,1
11.3613,11.3613,-11.3613,0.0000000,COC1=C2C[C@@H](C)C[C@H](O)[C@H](C)[C@H](O)[C@@H](C)/C=C(\C)[C@H](O)[C@@H](O)CCC1=O,0,COC1=C2C[C@@H](C)C[C@H](OC)[C@H](O)[C@@H](C)/C=C(\C)[C@H](OC(N)=O)[C@@H](OC)/C=C\C=C(/C)C(=O)NC(=CC1=O)C2=O,,0.0000000,0.0000,0.0000000,0.0000,0.0000000,0.0000,1
17.2888,17.2888,-17.2888,0.0000000,COC1=C2C[C@@H](C)C[C@H](O)[C@H](C)[C@H](O)[C@H](C)/C=C(\C)[C@H](O)/C=C\C=C(C)C(O)[C@@]1(C)CO,0,COC1=C2C[C@@H](C)C[C@H](OC)[C@H](O)[C@@H](C)/C=C(\C)[C@H](OC(N)=O)[C@@H](OC)/C=C\C=C(/C)C(=O)NC(=CC1=O)C2=O,,0.0000000,0.0000,0.0000000,0.0000,0.0000000,0.0000,1
19.1798,19.1798,11.7356,0.3864414,COC1=C2C[C@@H](C)C[C@H](O)[C@H](O)[C@H](C)/C=C(\C)[C@H](O)[C@@H](O)/C=C/[C@@H](C)C(=O)NCC=C21,1,COC1=C2C[C@@H](C)C[C@H](OC)[C@H](O)[C@@H](C)/C=C(\C)[C@H](OC(N)=O)[C@@H](OC)/C=C\C=C(/C)C(=O)NC(=CC1=O)C2=O,O=C1C/C=C/CCC=CCCCCCCC2=CC2=CCN1,0.1200000,0.1200,0.3992471,0.3992,5.5446396,5.5446,1
16.1120,16.1120,-16.1120,0.0000000,COC1=C2C[C@@H](C)C[C@H](OC)[C@H](O)/C=C(\C)[C@H](O)C/C=C(\C)[C@H](O)/C=C\[C@@H](C)C(=O)OCC1=O,0,COC1=C2C[C@@H](C)C[C@H](OC)[C@H](O)[C@@H](C)/C=C(\C)[C@H](OC(N)=O)[C@@H](OC)/C=C\C=C(/C)C(=O)NC(=CC1=O)C2=O,,0.0000000,0.0000,0.0000000,0.0000,0.0000000,0.0000,1
10.6895,10.6895,-10.6895,0.0000000,COC1=C2C[C@@H](C)C[C@H](OC)[C@H](O)/C=C(\C)[C@H](O)CCC/C=C(\C)C(=O)NCC1=O,0,COC1=C2C[C@@H](C)C[C@H](OC)[C@H](O)[C@@H](C)/C=C(\C)[C@H](OC(N)=O)[C@@H](OC)/C=C\C=C(/C)C(=O)NC(=CC1=O)C2=O,,0.0000000,0.0000,0.0000000,0.0000,0.0000000,0.0000,1
18.2399,18.2399,-18.2399,0.0000000,COC1=C2C[C@@H](C)C[C@H](OC)[C@H](O)/C=C(\C)[C@H](O)[C@@H](O)/C=C/CCC(=O)OCCOC1=N\C1=NC1=O,0,COC1=C2C[C@@H](C)C[C@H](OC)[C@H](O)[C@@H](C)/C=C(\C)[C@H](OC(N)=O)[C@@H](OC)/C=C\C=C(/C)C(=O)NC(=CC1=O)C2=O,,0.0000000,0.0000,0.0000000,0.0000,0.0000000,0.0000,1
10.6243,10.6243,-10.6243,0.0000000,COC1=C2C[C@@H](C)C[C@H](OC)[C@H](O)/C=C(\C)[C@H](O)[C@@H](O)/C=C\[C@@H](C)CC(=O)NCC1=O,0,COC1=C2C[C@@H](C)C[C@H](OC)[C@H](O)[C@@H](C)/C=C(\C)[C@H](OC(N)=O)[C@@H](OC)/C=C\C=C(/C)C(=O)NC(=CC1=O)C2=O,,0.0000000,0.0000,0.0000000,0.0000,0.0000000,0.0000,1
17.6195,17.6195,-17.6195,0.0000000,COC1=C2C[C@@H](C)C[C@H](OC)[C@H](O)/C=C(\C)[C@H](O)[C@@H](O)CC=C(C)C(C)=CCC1=O,0,COC1=C2C[C@@H](C)C[C@H](OC)[C@H](O)[C@@H](C)/C=C(\C)[C@H](OC(N)=O)[C@@H](OC)/C=C\C=C(/C)C(=O)NC(=CC1=O)C2=O,,0.0000000,0.0000,0.0000000,0.0000,0.0000000,0.0000,1
14.7714,14.7714,-14.7714,0.0000000,COC1=C2C[C@@H](C)C[C@H](OC)[C@H](O)/C=C(\C)[C@H](O)[C@@H](O)CCCC(=O)O[C@@H](C)[C@@H](O)[C@@H](C)C1=O,0,COC1=C2C[C@@H](C)C[C@H](OC)[C@H](O)[C@@H](C)/C=C(\C)[C@H](OC(N)=O)[C@@H](OC)/C=C\C=C(/C)C(=O)NC(=CC1=O)C2=O,,0.0000000,0.0000,0.0000000,0.0000,0.0000000,0.0000,1
20.9656,20.9656,-20.9656,0.0000000,COC1=C2C[C@@H](C)C[C@H](OC)[C@H](O)C(C)[C@H](O)[C@@H](O)CCC/C=C(\C)[C@H](O)[C@@H](O)C=C\C1=CC(C)=O,0,COC1=C2C[C@@H](C)C[C@H](OC)[C@H](O)[C@@H](C)/C=C(\C)[C@H](OC(N)=O)[C@@H](OC)/C=C\C=C(/C)C(=O)NC(=CC1=O)C2=O,,0.0000000,0.0000,0.0000000,0.0000,0.0000000,0.0000,1
12.3827,12.3827,-12.3827,0.0000000,COC1=C2C[C@@H](C)C[C@H](OC)[C@H](O)[C@@H](C)/C=C(\C)[C@H](O)/C=C\[C@@H](C)C(=O)CC(C)(C)OC1=O,0,COC1=C2C[C@@H](C)C[C@H](OC)[C@H](O)[C@@H](C)/C=C(\C)[C@H](OC(N)=O)[C@@H](OC)/C=C\C=C(/C)C(=O)NC(=CC1=O)C2=O,,0.0000000,0.0000,0.0000000,0.0000,0.0000000,0.0000,1
11.2282,11.2282,-11.2282,0.0000000,COC1=C2C[C@@H](C)C[C@H](OC)[C@H](O)[C@@H](C)/C=C(\C)[C@H](O)CCC=C(C)COC(=O)C1=O,0,COC1=C2C[C@@H](C)C[C@H](OC)[C@H](O)[C@@H](C)/C=C(\C)[C@H](OC(N)=O)[C@@H](OC)/C=C\C=C(/C)C(=O)NC(=CC1=O)C2=O,,0.0000000,0.0000,0.0000000,0.0000,0.0000000,0.0000,1
12.2527,12.2527,-12.2527,0.0000000,COC1=C2C[C@@H](C)C[C@H](OC)[C@H](O)[C@@H](C)/C=C(\C)[C@H](O)[C@H](O)/C=C\C=C(C)COC1=O,0,COC1=C2C[C@@H](C)C[C@H](OC)[C@H](O)[C@@H](C)/C=C(\C)[C@H](OC(N)=O)[C@@H](OC)/C=C\C=C(/C)C(=O)NC(=CC1=O)C2=O,,0.0000000,0.0000,0.0000000,0.0000,0.0000000,0.0000,1
8.6019,8.6019,-8.6019,0.0000000,COC1=C2C[C@@H](C)C[C@H](OC)[C@H](O)[C@H](C)/C=C(\C)[C@H](O)/C=C(\C)[C@H](O)CCC1=O,0,COC1=C2C[C@@H](C)C[C@H](OC)[C@H](O)[C@@H](C)/C=C(\C)[C@H](OC(N)=O)[C@@H](OC)/C=C\C=C(/C)C(=O)NC(=CC1=O)C2=O,,0.0000000,0.0000,0.0000000,0.0000,0.0000000,0.0000,1
20.5060,20.5060,-20.5060,0.0000000,COC1=C2C[C@@H](C)C[C@H](OC)[C@H](O)[C@H](C)/C=C(\C)[C@H](O)/C=C(\C)[C@H](O)[C@@H](O)CCCC=C1=O,0,COC1=C2C[C@@H](C)C[C@H](OC)[C@H](O)[C@@H](C)/C=C(\C)[C@H](OC(N)=O)[C@@H](OC)/C=C\C=C(/C)C(=O)NC(=CC1=O)C2=O,,0.0000000,0.0000,0.0000000,0.0000,0.0000000,0.0000,1
13.1369,13.1369,-13.1369,0.0000000,COC1=C2C[C@@H](C)C[C@H](OC)[C@H](O)[C@H](C)/C=C(\C)[C@H](O)/C=C/C=C(C)C(=O)OC1=O,0,COC1=C2C[C@@H](C)C[C@H](OC)[C@H](O)[C@@H](C)/C=C(\C)[C@H](OC(N)=O)[C@@H](OC)/C=C\C=C(/C)C(=O)NC(=CC1=O)C2=O,,0.0000000,0.0000,0.0000000,0.0000,0.0000000,0.0000,1
8.8502,8.8502,-8.8502,0.0000000,COC1=C2C[C@@H](C)C[C@H](OC)[C@H](O)[C@H](C)/C=C(\C)[C@H](O)/C=C\C=C(\C)C(=O)OCCC1=O,0,COC1=C2C[C@@H](C)C[C@H](OC)[C@H](O)[C@@H](C)/C=C(\C)[C@H](OC(N)=O)[C@@H](OC)/C=C\C=C(/C)C(=O)NC(=CC1=O)C2=O,,0.0000000,0.0000,0.0000000,0.0000,0.0000000,0.0000,1
16.1931,16.1931,-16.1931,0.0000000,COC1=C2C[C@@H](C)C[C@H](OC)[C@H](O)[C@H](C)/C=C(\C)[C@H](O)/C=C\C=C(\C)[C@@H](O)[C@H](O)CCC1=O,0,COC1=C2C[C@@H](C)C[C@H](OC)[C@H](O)[C@@H](C)/C=C(\C)[C@H](OC(N)=O)[C@@H](OC)/C=C\C=C(/C)C(=O)NC(=CC1=O)C2=O,,0.0000000,0.0000,0.0000000,0.0000,0.0000000,0.0000,1
15.6493,15.6493,-15.6492,0.0000000,COC1=C2C[C@@H](C)C[C@H](OC)[C@H](O)[C@H](C)/C=C(\C)[C@H](O)/C=C\[C@H](C)[C@@H](O)CC=C(\C)C(=O)NC1=O,0,COC1=C2C[C@@H](C)C[C@H](OC)[C@H](O)[C@@H](C)/C=C(\C)[C@H](OC(N)=O)[C@@H](OC)/C=C\C=C(/C)C(=O)NC(=CC1=O)C2=O,,0.0000000,0.0000,0.0000000,0.0000,0.0000000,0.0000,1
7.2281,7.2281,-7.2281,0.0000000,COC1=C2C[C@@H](C)C[C@H](OC)[C@H](O)[C@H](C)/C=C(\C)[C@H](O)CCC1=O,0,COC1=C2C[C@@H](C)C[C@H](OC)[C@H](O)[C@@H](C)/C=C(\C)[C@H](OC(N)=O)[C@@H](OC)/C=C\C=C(/C)C(=O)NC(=CC1=O)C2=O,,0.0000000,0.0000,0.0000000,0.0000,0.0000000,0.0000,1
9.9029,9.9029,-9.9029,0.0000000,COC1=C2C[C@@H](C)C[C@H](OC)[C@H](O)[C@H](C)/C=C(\C)[C@H](O)[C@@H](O)/C=C\[C@@H](C)CC(=O)OCC1=O,0,COC1=C2C[C@@H](C)C[C@H](OC)[C@H](O)[C@@H](C)/C=C(\C)[C@H](OC(N)=O)[C@@H](OC)/C=C\C=C(/C)C(=O)NC(=CC1=O)C2=O,,0.0000000,0.0000,0.0000000,0.0000,0.0000000,0.0000,1
14.5173,14.5173,21.1397,0.4457126,COC1=C2C=C1CCC(=O)[C@H](O)[C@@H](O)/C(C)=C/[C@@H](C)[C@@H](O)[C@@H](OC)C[C@H](C)C2,1,COC1=C2C[C@@H](C)C[C@H](OC)[C@H](O)[C@@H](C)/C=C(\C)[C@H](OC(N)=O)[C@@H](OC)/C=C\C=C(/C)C(=O)NC(=CC1=O)C2=O,O=C1CC/C=C/CCCCCCC2=CC(=C2)CC1,0.1111111,0.1111,0.6220912,0.6221,5.8499312,5.8499,1
17.7518,17.7518,-17.7518,0.0000000,COC1=C2C[C@@H](C)C[C@H](OC)[C@H](O)[C@H](C)/C=C(\C)[C@H](O)[C@@H](O)C=C(C)CCOC(=O)[C@H]1OC,0,COC1=C2C[C@@H](C)C[C@H](OC)[C@H](O)[C@@H](C)/C=C(\C)[C@H](OC(N)=O)[C@@H](OC)/C=C\C=C(/C)C(=O)NC(=CC1=O)C2=O,,0.0000000,0.0000,0.0000000,0.0000,0.0000000,0.0000,1
16.9048,16.9048,-16.9048,0.0000000,COC1=C2C[C@@H](C)C[C@H](OC)[C@H](O)[C@H](C)/C=C(\C)[C@H](O)[C@@H](O)[C@H](O)C3=CCC=C(C)C3=O)[C@@H]2NC1=O,0,COC1=C2C[C@@H](C)C[C@H](OC)[C@H](O)[C@@H](C)/C=C(\C)[C@H](OC(N)=O)[C@@H](OC)/C=C\C=C(/C)C(=O)NC(=CC1=O)C2=O,,0.0000000,0.0000,0.0000000,0.0000,0.0000000,0.0000,1
6.8645,6.8645,32.0179,0.4860304,COCCC1(O)CCN(c2ncc3ncnc(Nc4ccc(F)c(Cl)c4)c3n2)CC1,1,CCN(CC)CC1CCN(c2ncc3ncnc(Nc4ccc(F)c(Cl)c4)c3n2)CC1,c1ccc(Nc2ncnc3cnc(N4CCCCC4)nc23)cc1,0.1875000,0.1875,0.6119654,0.6120,2.8297524,2.8298,1
12.5342,12.5342,24.7268,0.4657631,COCCN(C)CC1CCN(c2ncc3ncnc(Nc4ccc(C#N)c(Cl)c4)c3n2)CC1,1,CCN(CC)CC1CCN(c2ncc3ncnc(Nc4ccc(F)c(Cl)c4)c3n2)CC1,c1ccc(Nc2ncnc3cnc(N4CCCCC4)nc23)cc1,0.1920530,0.1921,0.5337718,0.5338,2.8023343,2.8023,1
5.9856,5.9856,34.3436,0.5041154,COCCNc1ncc2ncnc(Nc3ccc(F)c(Cl)c3)c2n1,1,CCN(CC)CC1CCN(c2ncc3ncnc(Nc4ccc(F)c(Cl)c4)c3n2)CC1,c1ccc(Nc2ncnc3cncnc23)cc1,0.2031250,0.2031,0.6621459,0.6621,2.4367131,2.4367,1
6.2785,6.2785,30.1684,0.4555865,COCCOCC1CCN(c2ncc3ncnc(Nc4ccc(F)c(Cl)c4)c3n2)CC1,1,CCN(CC)CC1CCN(c2ncc3ncnc(Nc4ccc(F)c(Cl)c4)c3n2)CC1,c1ccc(Nc2ncnc3cnc(N4CCCCC4)nc23)cc1,0.1904762,0.1905,0.5223149,0.5223,2.6518668,2.6519,1
6.6795,6.6795,27.3933,0.4259102,COCCONC(=O)c1ccc(F)c(F)c1Nc1ccc(I)cc1C,1,O=C(NOC[C@H](O)CO)c1ccc(F)c(F)c1Nc1ccc(I)cc1F,c1ccc(Nc2ccccc2)cc1,0.2222222,0.2222,0.3722361,0.3722,2.5442225,2.5442,1
6.5254,6.5254,26.2752,0.4100073,COCCONC(=O)c1ccc(F)c(F)c1Nc1ccc(I)cc1F,1,O=C(NOC[C@H](O)CO)c1ccc(F)c(F)c1Nc1ccc(I)cc1F,c1ccc(Nc2ccccc2)cc1,0.2031250,0.2031,0.3709927,0.3710,2.5785549,2.5786,1
5.2687,5.2687,35.7924,0.5132634,COCCOc1ncc2ncnc(Nc3ccc(F)c(Cl)c3)c2n1,1,CCN(CC)CC1CCN(c2ncc3ncnc(Nc4ccc(F)c(Cl)c4)c3n2)CC1,c1ccc(Nc2ncnc3cncnc23)cc1,0.2031250,0.2031,0.6848393,0.6848,2.5072040,2.5072,1
28.7366,28.7366,-28.7366,0.0000000,CO[C@@H]1/C=C\C[C@@H](C)[C@H](O)CC2=C(\C)C(=O)[C@H](OC)C/C(C)=C/[C@@H](OC)/C=C\[C@@H]1C[C@H](C)C(=O)NC1=O,0,C=CCNC1=C2C[C@@H](C)C[C@H](OC)[C@H](O)[C@@H](C)/C=C(\C)[C@H](OC(N)=O)[C@@H](OC)/C=C\C=C(/C)C(=O)NC(=CC1=O)C2=O,,0.0000000,0.0000,0.0000000,0.0000,0.0000000,0.0000,1
18.3727,18.3727,-18.3727,0.0000000,CO[C@H]1C=C2C[C@@H](C)C[C@H](O)[C@H](C)/C=C(\C)[C@H](O)[C@@H](O)CC3=C(C)C(=O)NC(=O)[C@]12C,0,COC1=C2C[C@@H](C)C[C@H](OC)[C@H](O)[C@@H](C)/C=C(\C)[C@H](OC(N)=O)[C@@H](OC)/C=C\C=C(/C)C(=O)NC(=CC1=O)C2=O,,0.0000000,0.0000,0.0000000,0.0000,0.0000000,0.0000,1
23.8037,23.8037,10.3093,0.4264120,CO[C@H]1C[C@@H](C(C)C)C[C@H](OC)[C@H](O)/C=C(\C)[C@H](O)[C@@H](O)/C=C/C=C(\C)C1=O,1,COC1=C2C[C@@H](C)C[C@H](OC)[C@H](O)[C@@H](C)/C=C(\C)[C@H](OC(N)=O)[C@@H](OC)/C=C\C=C(/C)C(=O)NC(=CC1=O)C2=O,O=C1C=C/C=C/CCC=CCCCCCC1,0.1041667,0.1042,0.6330262,0.6330,5.1865688,5.1866,1
18.6215,18.6215,-18.6215,0.0000000,CO[C@H]1C[C@@H](C)C[C@H]2C[C@@H](C)C/C(=C(\C)CO)C(OC)=C/C=C(\C)C(=O)OC,0,C=CCNC1=C2C[C@@H](C)C[C@H](OC)[C@H](O)[C@@H](C)/C=C(\C)[C@H](OC(N)=O)[C@@H](OC)/C=C\C=C(/C)C(=O)NC(=CC1=O)C2=O,,0.0000000,0.0000,0.0000000,0.0000,0.0000000,0.0000,1
6.2117,6.2117,24.4361,0.3830978,COc1cc(-n2c(=O)ccc3cnc4ccc(-c5cnc6ccccc6c5)cc4c32)ccc1N1CCN(C)CC1,1,CCC(=O)N1CCN(c2ccc(-n3c(=O)ccc4cnc5ccc(-c6cnc7ccccc7c6)cc5c43)cc2C(F)(F)F)CC1,O=c1ccc2cnc3ccc(-c4cnc5ccccc5c4)cc3c2n1-c1ccc(N2CCNCC2)cc1,0.2168675,0.2169,0.2817038,0.2817,2.6726716,2.6727,1
18.4718,18.4718,20.1243,0.4824519,COc1cc(Nc2ncnc3cnc(C(=O)N4CCC(N5CCCC5)CC4)nc23)ccc1F,1,CCN(CC)CC1CCN(c2ncc3ncnc(Nc4ccc(F)c(Cl)c4)c3n2)CC1,O=C(c1ncc2ncnc(Nc3ccccc3)c2n1)N1CCC(N2CCCC2)CC1,0.1830065,0.1830,0.6325062,0.6325,2.6948612,2.6949,1
9.0229,9.0229,24.4549,0.4184718,COc1ccc(-c2ccc3ncc4ccc(=O)n(-c5ccc(CN6CCN(C)CC6)cc5)c4c3c2)cn1,1,CCC(=O)N1CCN(c2ccc(-n3c(=O)ccc4cnc5ccc(-c6cnc7ccccc7c6)cc5c43)cc2C(F)(F)F)CC1,O=c1ccc2cnc3ccc(-c4cccnc4)cc3c2n1-c1ccc(CN2CCNCC2)cc1,0.2292994,0.2293,0.3406804,0.3407,2.5699162,2.5699,1
4.5168,4.5168,29.8594,0.4297023,COc1ccc(-c2ccc3ncc4ccc(=O)n(-c5ccc(N6CCN(C)CC6)c(F)c5)c4c3c2)cn1,1,CCC(=O)N1CCN(c2ccc(-n3c(=O)ccc4cnc5ccc(-c6cnc7ccccc7c6)cc5c43)cc2C(F)(F)F)CC1,O=c1ccc2cnc3ccc(-c4cccnc4)cc3c2n1-c1ccc(N2CCNCC2)cc1,0.2387097,0.2387,0.3423240,0.3423,2.6688440,2.6688,1
3.4303,3.4303,30.4595,0.4236226,COc1ccc(-c2ccc3ncc4ccc(=O)n(-c5ccc(N6CCN(C)CC6)cc5)c4c3c2)cn1,1,CCC(=O)N1CCN(c2ccc(-n3c(=O)ccc4cnc5ccc(-c6cnc7ccccc7c6)cc5c43)cc2C(F)(F)F)CC1,O=c1ccc2cnc3ccc(-c4cccnc4)cc3c2n1-c1ccc(N2CCNCC2)cc1,0.2258065,0.2258,0.3585784,0.3586,2.5664674,2.5665,1
15.4435,15.4435,42.1178,0.7195160,COc1ccc(C2=N[C@H](C(=O)Nc3ccccc3)c3nnc(C)n3-c3ccc(C)cc32)cc1,1,CCNC(=O)C[C@@H]1N=C(c2ccc(Cl)cc2)c2cc(OC)ccc2-n2c(C)nnc21,O=C(Nc1ccccc1)[C@H]1N=C(c2ccccc2)c2ccccc2-n2cnnc21,0.5254237,0.5254,0.5123441,0.5123,2.9550829,2.9551,1
10.9868,10.9868,32.7775,0.5470540,COc1ccc(Nc2ncnc3cnc(N4CCC(OC)CC4)nc23)cc1,1,CCN(CC)CC1CCN(c2ncc3ncnc(Nc4ccc(F)c(Cl)c4)c3n2)CC1,c1ccc(Nc2ncnc3cnc(N4CCCCC4)nc23)cc1,0.2238806,0.2239,0.7377523,0.7378,2.4189937,2.4190,1
6.2784,6.2784,51.9745,0.7281613,COc1ccc2c(c1)C(c1ccc(Br)cc1)=N[C@@H](CC(=O)Nc1ccccn1)c1nnc(C)n1-2,1,CCNC(=O)C[C@@H]1N=C(c2ccc(Cl)cc2)c2cc(OC)ccc2-n2c(C)nnc21,O=C(C[C@@H]1N=C(c2ccccc2)c2ccccc2-n2cnnc21)Nc1ccccn1,0.6339286,0.6339,0.4157001,0.4157,3.0871617,3.0872,1
6.8920,6.8920,59.9443,0.8354547,COc1ccc2c(c1)C(c1ccc(Cl)cc1)=NC(Cc1c[nH]cn1)c1nnc(C)n1-2,1,CCNC(=O)C[C@@H]1N=C(c2ccc(Cl)cc2)c2cc(OC)ccc2-n2c(C)nnc21,c1ccc(C2=NC(Cc3c[nH]cn3)c3nncn3-c3ccccc32)cc1,0.6699029,0.6699,0.5407269,0.5407,3.3389134,3.3389,1
9.0516,9.0516,42.9755,0.6503387,COc1ccc2c(c1)C(c1ccc(Cl)cc1)=NC(Cc1ccc(C(F)(F)F)cc1)c1nnc(C)n1-2,1,CCNC(=O)C[C@@H]1N=C(c2ccc(Cl)cc2)c2cc(OC)ccc2-n2c(C)nnc21,c1ccc(CC2N=C(c3ccccc3)c3ccccc3-n3cnnc32)cc1,0.6000000,0.6000,0.3287069,0.3287,3.0721374,3.0721,1
4.4015,4.4015,54.9524,0.7419240,COc1ccc2c(c1)C(c1ccc(Cl)cc1)=NC(Cc1ccccc1)c1nnc(C)n1-2,1,CCNC(=O)C[C@@H]1N=C(c2ccc(Cl)cc2)c2cc(OC)ccc2-n2c(C)nnc21,c1ccc(CC2N=C(c3ccccc3)c3ccccc3-n3cnnc32)cc1,0.6509434,0.6509,0.4385963,0.4386,2.8808422,2.8808,1
2.5406,2.5406,59.0323,0.7696602,COc1ccc2c(c1)C(c1ccc(Cl)cc1)=NC(Cc1ccccn1)c1nnc(C)n1-2,1,CCNC(=O)C[C@@H]1N=C(c2ccc(Cl)cc2)c2cc(OC)ccc2-n2c(C)nnc21,c1ccc(C2=NC(Cc3ccccn3)c3nncn3-c3ccccc32)cc1,0.6509434,0.6509,0.4684801,0.4685,3.0709899,3.0710,1
3.5299,3.5299,57.9157,0.7680699,COc1ccc2c(c1)C(c1ccc(Cl)cc1)=NC(Cc1cccnc1)c1nnc(C)n1-2,1,CCNC(=O)C[C@@H]1N=C(c2ccc(Cl)cc2)c2cc(OC)ccc2-n2c(C)nnc21,c1ccc(C2=NC(Cc3cccnc3)c3nncn3-c3ccccc32)cc1,0.6509434,0.6509,0.4684801,0.4685,3.0372991,3.0373,1
4.3096,4.3096,57.1299,0.7679943,COc1ccc2c(c1)C(c1ccc(Cl)cc1)=NC(Cc1ccncc1)c1nnc(C)n1-2,1,CCNC(=O)C[C@@H]1N=C(c2ccc(Cl)cc2)c2cc(OC)ccc2-n2c(C)nnc21,c1ccc(C2=NC(Cc3ccncc3)c3nncn3-c3ccccc32)cc1,0.6509434,0.6509,0.4684801,0.4685,3.0357052,3.0357,1
5.8894,5.8894,57.0345,0.7865498,COc1ccc2c(c1)C(c1ccc(Cl)cc1)=NC(Cc1cnccn1)c1nnc(C)n1-2,1,CCNC(=O)C[C@@H]1N=C(c2ccc(Cl)cc2)c2cc(OC)ccc2-n2c(C)nnc21,c1ccc(C2=NC(Cc3cnccn3)c3nncn3-c3ccccc32)cc1,0.6509434,0.6509,0.4853830,0.4854,3.2119575,3.2120,1
7.4684,7.4684,61.1107,0.8572392,COc1ccc2c(c1)C(c1ccc(Cl)cc1)=NC(NC(=O)C1CCCN(C)C1)c1nnc(C)n1-2,1,CCNC(=O)C[C@@H]1N=C(c2ccc(Cl)cc2)c2cc(OC)ccc2-n2c(C)nnc21,O=C(NC1N=C(c2ccccc2)c2ccccc2-n2cnnc21)C1CCCNC1,0.6250000,0.6250,0.6195772,0.6196,3.4300453,3.4300,1
14.4221,14.4221,36.4555,0.6359704,COc1ccc2c(c1)C(c1ccc(Cl)cc1)=NC(NC(=O)c1ccc3ccccc3c1)c1nnc(C)n1-2,1,CCNC(=O)C[C@@H]1N=C(c2ccc(Cl)cc2)c2cc(OC)ccc2-n2c(C)nnc21,O=C(NC1N=C(c2ccccc2)c2ccccc2-n2cnnc21)c1ccc2ccccc2c1,0.5609756,0.5610,0.3395859,0.3396,2.9892480,2.9892,1
6.8873,6.8873,52.6330,0.7440046,COc1ccc2c(c1)C(c1ccc(Cl)cc1)=NC(NCc1ccccc1)c1nnc(C)n1-2,1,CCNC(=O)C[C@@H]1N=C(c2ccc(Cl)cc2)c2cc(OC)ccc2-n2c(C)nnc21,c1ccc(CNC2N=C(c3ccccc3)c3ccccc3-n3cnnc32)cc1,0.6036036,0.6036,0.4772658,0.4773,2.9452926,2.9453,1
5.8323,5.8323,63.0062,0.8604815,COc1ccc2c(c1)C(c1ccc(Cl)cc1)=N[C@@H](CC(=O)N1CCN(C)CC1)c1nnc(C)n1-2,1,CCNC(=O)C[C@@H]1N=C(c2ccc(Cl)cc2)c2cc(OC)ccc2-n2c(C)nnc21,O=C(C[C@@H]1N=C(c2ccccc2)c2ccccc2-n2cnnc21)N1CCNCC1,0.7009346,0.7009,0.5748121,0.5748,3.1116372,3.1116,1
5.7608,5.7608,70.1493,0.9488756,COc1ccc2c(c1)C(c1ccc(Cl)cc1)=N[C@@H](CC(=O)NCC1CC1)c1nnc(C)n1-2,1,CCNC(=O)C[C@@H]1N=C(c2ccc(Cl)cc2)c2cc(OC)ccc2-n2c(C)nnc21,O=C(C[C@@H]1N=C(c2ccccc2)c2ccccc2-n2cnnc21)NCC1CC1,0.8333333,0.8333,0.6152150,0.6152,3.0559897,3.0560,1
6.7336,6.7336,55.9812,0.7839358,COc1ccc2c(c1)C(c1ccc(Cl)cc1)=N[C@@H](CC(=O)NCc1ccccc1)c1nnc(C)n1-2,1,CCNC(=O)C[C@@H]1N=C(c2ccc(Cl)cc2)c2cc(OC)ccc2-n2c(C)nnc21,O=C(C[C@@H]1N=C(c2ccccc2)c2ccccc2-n2cnnc21)NCc1ccccc1,0.7547170,0.7547,0.4235829,0.4236,2.9339736,2.9340,1
7.1148,7.1148,54.2933,0.7676011,COc1ccc2c(c1)C(c1ccc(Cl)cc1)=N[C@@H](CC(=O)NCc1ccccc1F)c1nnc(C)n1-2,1,CCNC(=O)C[C@@H]1N=C(c2ccc(Cl)cc2)c2cc(OC)ccc2-n2c(C)nnc21,O=C(C[C@@H]1N=C(c2ccccc2)c2ccccc2-n2cnnc21)NCc1ccccc1,0.7407407,0.7407,0.4023418,0.4023,3.0360702,3.0361,1
6.3375,6.3375,60.4184,0.8344483,COc1ccc2c(c1)C(c1ccc(Cl)cc1)=N[C@@H](CC(=O)Nc1cc[nH]n1)c1nnc(C)n1-2,1,CCNC(=O)C[C@@H]1N=C(c2ccc(Cl)cc2)c2cc(OC)ccc2-n2c(C)nnc21,O=C(C[C@@H]1N=C(c2ccccc2)c2ccccc2-n2cnnc21)Nc1cc[nH]n1,0.7475728,0.7476,0.4682890,0.4683,3.4243465,3.4243,1
6.4875,6.4875,56.5464,0.7879240,COc1ccc2c(c1)C(c1ccc(Cl)cc1)=N[C@@H](CC(=O)Nc1ccc(C)cn1)c1nnc(C)n1-2,1,CCNC(=O)C[C@@H]1N=C(c2ccc(Cl)cc2)c2cc(OC)ccc2-n2c(C)nnc21,O=C(C[C@@H]1N=C(c2ccccc2)c2ccccc2-n2cnnc21)Nc1ccccn1,0.7289720,0.7290,0.4343426,0.4343,3.1088001,3.1088,1
3.0870,3.0870,57.5379,0.7578116,COc1ccc2c(c1)C(c1ccc(Cl)cc1)=N[C@@H](CC(=O)Nc1ccc(F)cc1)c1nnc(C)n1-2,1,CCNC(=O)C[C@@H]1N=C(c2ccc(Cl)cc2)c2cc(OC)ccc2-n2c(C)nnc21,O=C(C[C@@H]1N=C(c2ccccc2)c2ccccc2-n2cnnc21)Nc1ccccc1,0.7129630,0.7130,0.4123260,0.4123,2.9513610,2.9514,1
7.2468,7.2468,46.2645,0.6688920,COc1ccc2c(c1)C(c1ccc(Cl)cc1)=N[C@@H](CC(=O)Nc1ccc3ccccc3n1)c1nnc(C)n1-2,1,CCNC(=O)C[C@@H]1N=C(c2ccc(Cl)cc2)c2cc(OC)ccc2-n2c(C)nnc21,O=C(C[C@@H]1N=C(c2ccccc2)c2ccccc2-n2cnnc21)Nc1ccc2ccccc2n1,0.6525424,0.6525,0.3190072,0.3190,3.1156153,3.1156,1
4.0701,4.0701,58.1138,0.7772992,COc1ccc2c(c1)C(c1ccc(Cl)cc1)=N[C@@H](CC(=O)Nc1ccccc1)c1nnc(C)n1-2,1,CCNC(=O)C[C@@H]1N=C(c2ccc(Cl)cc2)c2cc(OC)ccc2-n2c(C)nnc21,O=C(C[C@@H]1N=C(c2ccccc2)c2ccccc2-n2cnnc21)Nc1ccccc1,0.7264151,0.7264,0.4356659,0.4357,2.8977802,2.8978,1
7.5500,7.5500,53.1669,0.7589616,COc1ccc2c(c1)C(c1ccc(Cl)cc1)=N[C@@H](CC(=O)Nc1ccccc1F)c1nnc(C)n1-2,1,CCNC(=O)C[C@@H]1N=C(c2ccc(Cl)cc2)c2cc(OC)ccc2-n2c(C)nnc21,O=C(C[C@@H]1N=C(c2ccccc2)c2ccccc2-n2cnnc21)Nc1ccccc1,0.7129630,0.7130,0.4123260,0.4123,2.9753259,2.9753,1
2.5686,2.5686,61.4735,0.8005264,COc1ccc2c(c1)C(c1ccc(Cl)cc1)=N[C@@H](CC(=O)Nc1ccccn1)c1nnc(C)n1-2,1,CCNC(=O)C[C@@H]1N=C(c2ccc(Cl)cc2)c2cc(OC)ccc2-n2c(C)nnc21,O=C(C[C@@H]1N=C(c2ccccc2)c2ccccc2-n2cnnc21)Nc1ccccn1,0.7264151,0.7264,0.4593974,0.4594,3.0492642,3.0493,1
2.3324,2.3324,61.6775,0.8001232,COc1ccc2c(c1)C(c1ccc(Cl)cc1)=N[C@@H](CC(=O)Nc1cccnc1)c1nnc(C)n1-2,1,CCNC(=O)C[C@@H]1N=C(c2ccc(Cl)cc2)c2cc(OC)ccc2-n2c(C)nnc21,O=C(C[C@@H]1N=C(c2ccccc2)c2ccccc2-n2cnnc21)Nc1cccnc1,0.7264151,0.7264,0.4593974,0.4594,3.0410823,3.0411,1
3.6939,3.6939,59.9001,0.7949257,COc1ccc2c(c1)C(c1ccc(Cl)cc1)=N[C@@H](CC(=O)Nc1cccs1)c1nnc(C)n1-2,1,CCNC(=O)C[C@@H]1N=C(c2ccc(Cl)cc2)c2cc(OC)ccc2-n2c(C)nnc21,O=C(C[C@@H]1N=C(c2ccccc2)c2ccccc2-n2cnnc21)Nc1cccs1,0.7475728,0.7476,0.4269509,0.4270,3.1802461,3.1802,1
6.0559,6.0559,60.1024,0.8269790,COc1ccc2c(c1)C(c1ccc(Cl)cc1)=N[C@@H](CC(=O)Nc1ccn(C)n1)c1nnc(C)n1-2,1,CCNC(=O)C[C@@H]1N=C(c2ccc(Cl)cc2)c2cc(OC)ccc2-n2c(C)nnc21,O=C(C[C@@H]1N=C(c2ccccc2)c2ccccc2-n2cnnc21)Nc1cc[nH]n1,0.7500000,0.7500,0.4717396,0.4717,3.1921976,3.1922,1
3.9114,3.9114,60.1309,0.8005290,COc1ccc2c(c1)C(c1ccc(Cl)cc1)=N[C@@H](CC(=O)Nc1ccncc1)c1nnc(C)n1-2,1,CCNC(=O)C[C@@H]1N=C(c2ccc(Cl)cc2)c2cc(OC)ccc2-n2c(C)nnc21,O=C(C[C@@H]1N=C(c2ccccc2)c2ccccc2-n2cnnc21)Nc1ccncc1,0.7264151,0.7264,0.4593974,0.4594,3.0493179,3.0493,1
4.0091,4.0091,62.2468,0.8282000,COc1ccc2c(c1)C(c1ccc(Cl)cc1)=N[C@@H](CC(=O)Nc1ccnn1C)c1nnc(C)n1-2,1,CCNC(=O)C[C@@H]1N=C(c2ccc(Cl)cc2)c2cc(OC)ccc2-n2c(C)nnc21,O=C(C[C@@H]1N=C(c2ccccc2)c2ccccc2-n2cnnc21)Nc1ccn[nH]1,0.7500000,0.7500,0.4717396,0.4717,3.2174147,3.2174,1
5.7534,5.7534,57.7639,0.7939658,COc1ccc2c(c1)C(c1ccc(Cl)cc1)=N[C@@H](CC(=O)Nc1ccsc1)c1nnc(C)n1-2,1,CCNC(=O)C[C@@H]1N=C(c2ccc(Cl)cc2)c2cc(OC)ccc2-n2c(C)nnc21,O=C(C[C@@H]1N=C(c2ccccc2)c2ccccc2-n2cnnc21)Nc1ccsc1,0.7475728,0.7476,0.4269509,0.4270,3.1598180,3.1598,1
3.9157,3.9157,60.8499,0.8095705,COc1ccc2c(c1)C(c1ccc(Cl)cc1)=N[C@@H](CC(=O)Nc1nccs1)c1nnc(C)n1-2,1,CCNC(=O)C[C@@H]1N=C(c2ccc(Cl)cc2)c2cc(OC)ccc2-n2c(C)nnc21,O=C(C[C@@H]1N=C(c2ccccc2)c2ccccc2-n2cnnc21)Nc1nccs1,0.7475728,0.7476,0.4515160,0.4515,3.1343964,3.1344,1
7.9180,7.9180,49.3935,0.7163941,COc1ccc2c(c1)C(c1ccc(Cl)cc1)=N[C@@H](CC(=O)OCc1ccccn1)c1nnc(C)n1-2,1,CCNC(=O)C[C@@H]1N=C(c2ccc(Cl)cc2)c2cc(OC)ccc2-n2c(C)nnc21,O=C(C[C@@H]1N=C(c2ccccc2)c2ccccc2-n2cnnc21)OCc1ccccn1,0.6756757,0.6757,0.3672727,0.3673,3.1244775,3.1245,1
10.6855,10.6855,61.5550,0.9030057,COc1ccc2c(c1)C(c1ccc(Cl)cc1)=N[C@@H](CCNS(C)(=O)=O)c1nnc(C)n1-2,1,CCNC(=O)C[C@@H]1N=C(c2ccc(Cl)cc2)c2cc(OC)ccc2-n2c(C)nnc21,c1ccc(C2=NCc3nncn3-c3ccccc32)cc1,0.7373737,0.7374,0.6103881,0.6104,3.1710227,3.1710,1
8.2955,8.2955,70.8730,0.9896073,COc1ccc2c(c1)C(c1ccc(Cl)cc1)=N[C@@H](CO)c1nnc(C)n1-2,1,CCNC(=O)C[C@@H]1N=C(c2ccc(Cl)cc2)c2cc(OC)ccc2-n2c(C)nnc21,c1ccc(C2=NCc3nncn3-c3ccccc32)cc1,0.7666667,0.7667,0.7705168,0.7705,2.9613459,2.9613,1
6.0677,6.0677,55.5051,0.7696602,COc1ccc2c(c1)C(c1ccc(Cl)cc1)=N[C@@H](Cc1ccccn1)c1nnc(C)n1-2,1,CCNC(=O)C[C@@H]1N=C(c2ccc(Cl)cc2)c2cc(OC)ccc2-n2c(C)nnc21,c1ccc(C2=N[C@@H](Cc3ccccn3)c3nncn3-c3ccccc32)cc1,0.6509434,0.6509,0.4684801,0.4685,3.0709899,3.0710,1
17.4333,17.4333,17.0738,0.4313383,COc1nc2c(c(/C=C/[C@H](C)[C@H](O)[C@H](C)CC3=C(C)C(=O)NC3=O)c1OC)CCCC2,1,COC1=C2C[C@@H](C)C[C@H](OC)[C@H](O)[C@@H](C)/C=C(\C)[C@H](OC(N)=O)[C@@H](OC)/C=C\C=C(/C)C(=O)NC(=CC1=O)C2=O,O=C1C=C(CCCC/C=C/c2ccnc3c2CCCC3)C(=O)N1,0.1184211,0.1184,0.6180104,0.6180,4.2891426,4.2891,1
10.4671,10.4671,26.4984,0.4620690,CS(=O)(=O)C1CCN(c2ncc3ncnc(Nc4ccc(C(F)(F)F)cc4)c3n2)CC1,1,CCN(CC)CC1CCN(c2ncc3ncnc(Nc4ccc(F)c(Cl)c4)c3n2)CC1,c1ccc(Nc2ncnc3cnc(N4CCCCC4)nc23)cc1,0.1621622,0.1622,0.6442130,0.6442,2.7362899,2.7363,1
7.4547,7.4547,31.7341,0.4898598,CS(=O)(=O)CCNc1ncc2ncnc(Nc3ccc(F)c(Cl)c3)c2n1,1,CCN(CC)CC1CCN(c2ncc3ncnc(Nc4ccc(F)c(Cl)c4)c3n2)CC1,c1ccc(Nc2ncnc3cncnc23)cc1,0.1879699,0.1880,0.6532312,0.6532,2.5746012,2.5746,1
9.1225,9.1225,20.8071,0.3741197,CS(=O)(=O)c1ccc(-c2ccc3ncc4ccc(=O)n(-c5ccc(N6CCNCC6)c(C(F)(F)F)c5)c4c3c2)cc1,1,CCC(=O)N1CCN(c2ccc(-n3c(=O)ccc4cnc5ccc(-c6cnc7ccccc7c6)cc5c43)cc2C(F)(F)F)CC1,O=c1ccc2cnc3ccc(-c4ccccc4)cc3c2n1-c1ccc(N2CCNCC2)cc1,0.1893491,0.1893,0.3011778,0.3012,2.8278949,2.8279,1
8.6590,8.6590,25.8107,0.4308703,C[C@@H](NC(=O)c1ccc(F)c(F)c1Nc1ccc(I)cc1F)c1ccccc1,1,O=C(NOC[C@H](O)CO)c1ccc(F)c(F)c1Nc1ccc(I)cc1F,O=C(NCc1ccccc1)c1ccccc1Nc1ccccc1,0.1985294,0.1985,0.4295609,0.4296,2.6436710,2.6437,1
12.7512,12.7512,-12.7512,0.0000000,C[C@H]1CC[C@@H](C(=O)NO)c2ccc(F)c(F)c2Nc2ccc(I)cc2F)CC1,0,O=C(NOC[C@H](O)CO)c1ccc(F)c(F)c1Nc1ccc(I)cc1F,,0.0000000,0.0000,0.0000000,0.0000,0.0000000,0.0000,1
7.9042,7.9042,32.3695,0.5034209,CC1CN(C(=O)c2ccc(F)c(F)c2Nc2ccc(I)cc2F)C[C@H](C)O1,1,O=C(NOC[C@H](O)CO)c1ccc(F)c(F)c1Nc1ccc(I)cc1F,O=C(c1ccccc1Nc1ccccc1)N1CCOCC1,0.1865672,0.1866,0.6349298,0.6349,3.2079922,3.2080,1
10.6354,10.6354,20.0813,0.3839578,C[C@H]1COc2c(ccc(C(=O)NOC[C@@H](O)CO)c2Nc2ccc(I)cc2F)N1,1,O=C(NOC[C@H](O)CO)c1ccc(F)c(F)c1Nc1ccc(I)cc1F,c1ccc(Nc2cccc3c2OCCN3)cc1,0.1857143,0.1857,0.2834534,0.2835,3.8362773,3.8363,1
7.5573,7.5573,30.4507,0.4750997,Cc1[nH]c(/C=C2\C(=O)Nc3ccc(F)cc32)c(C)c1C(=O)NCC(N)=O,1,CCN(CC)CCNC(=O)c1c(C)[nH]c(/C=C2\C(=O)Nc3ccc(F)cc32)c1C,O=C1Nc2ccccc2/C1=C/c1ccc[nH]1,0.1818182,0.1818,0.6216137,0.6216,2.6101008,2.6101,1
4.6716,4.6716,35.5341,0.5025716,Cc1[nH]c(/C=C2\C(=O)Nc3ccc(F)cc32)c(C)c1C(=O)NCC1CCN(C)CC1,1,CCN(CC)CCNC(=O)c1c(C)[nH]c(/C=C2\C(=O)Nc3ccc(F)cc32)c1C,O=C1Nc2ccccc2/C1=C/c1cc(C(=O)NCC2CCNCC2)c[nH]1,0.1901408,0.1901,0.6769043,0.6769,2.6760361,2.6760,1
3.8557,3.8557,35.5689,0.4928073,Cc1[nH]c(/C=C2\C(=O)Nc3ccc(F)cc32)c(C)c1C(=O)NCCN1CCCC1,1,CCN(CC)CCNC(=O)c1c(C)[nH]c(/C=C2\C(=O)Nc3ccc(F)cc32)c1C,O=C1Nc2ccccc2/C1=C/c1cc(C(=O)NCCN2CCCC2)c[nH]1,0.1843972,0.1844,0.6799926,0.6800,2.5655274,2.5655,1
4.6917,4.6917,33.9720,0.4832971,Cc1[nH]c(/C=C2\C(=O)Nc3ccc(F)cc32)c(C)c1C(=O)NCCN1CCCCC1,1,CCN(CC)CCNC(=O)c1c(C)[nH]c(/C=C2\C(=O)Nc3ccc(F)cc32)c1C,O=C1Nc2ccccc2/C1=C/c1cc(C(=O)NCCN2CCCCC2)c[nH]1,0.1805556,0.1806,0.6607512,0.6608,2.5722176,2.5722,1
6.2368,6.2368,30.6059,0.4605345,Cc1[nH]c(/C=C2\C(=O)Nc3ccc(F)cc32)c(C)c1C(=O)NCCN1CCNCC1,1,CCN(CC)CCNC(=O)c1c(C)[nH]c(/C=C2\C(=O)Nc3ccc(F)cc32)c1C,O=C1Nc2ccccc2/C1=C/c1cc(C(=O)NCCN2CCNCC2)c[nH]1,0.1805556,0.1806,0.5660839,0.5661,2.7094297,2.7094,1
6.2936,6.2936,29.9362,0.4528725,Cc1[nH]c(/C=C2\C(=O)Nc3ccc(F)cc32)c(C)c1C(=O)NCCOc1ccccc1,1,CCN(CC)CCNC(=O)c1c(C)[nH]c(/C=C2\C(=O)Nc3ccc(F)cc32)c1C,O=C1Nc2ccccc2/C1=C/c1cc(C(=O)NCCOc2ccccc2)c[nH]1,0.2357143,0.2357,0.4160293,0.4160,2.4625798,2.4626,1
6.4034,6.4034,34.1843,0.5073466,Cc1[nH]c(/C=C2\C(=O)Nc3ccc(F)cc32)c(C)c1C(=O)NCCn1ccnc1,1,CCN(CC)CCNC(=O)c1c(C)[nH]c(/C=C2\C(=O)Nc3ccc(F)cc32)c1C,O=C1Nc2ccccc2/C1=C/c1cc(C(=O)NCCn2ccnc2)c[nH]1,0.2189781,0.2190,0.5822551,0.5823,2.7360918,2.7361,1
6.5058,6.5058,34.0585,0.5070537,Cc1[nH]c(/C=C2\C(=O)Nc3ccc(F)cc32)c(C)c1C(=O)NCCn1cncn1,1,CCN(CC)CCNC(=O)c1c(C)[nH]c(/C=C2\C(=O)Nc3ccc(F)cc32)c1C,O=C1Nc2ccccc2/C1=C/c1cc(C(=O)NCCn2cncn2)c[nH]1,0.2189781,0.2190,0.5776016,0.5776,2.7718064,2.7718,1
7.1267,7.1267,33.9849,0.5138951,Cc1[nH]c(/C=C2\C(=O)Nc3ccc(F)cc32)c(C)c1C(=O)NCc1ccncc1,1,CCN(CC)CCNC(=O)c1c(C)[nH]c(/C=C2\C(=O)Nc3ccc(F)cc32)c1C,O=C1Nc2ccccc2/C1=C/c1cc(C(=O)NCc2ccncc2)c[nH]1,0.2279412,0.2279,0.5952209,0.5952,2.5530220,2.5530,1
4.0954,4.0954,33.4919,0.4698412,Cc1[nH]c(/C=C2\C(=O)Nc3ccc(F)cc32)c(C)c1NC(=O)C1CCCCN1,1,CCN(CC)CCNC(=O)c1c(C)[nH]c(/C=C2\C(=O)Nc3ccc(F)cc32)c1C,O=C1Nc2ccccc2/C1=C/c1cc(NC(=O)C2CCCCN2)c[nH]1,0.1631206,0.1631,0.6143522,0.6144,3.2437751,3.2438,1
3.9785,3.9785,33.6040,0.4697812,Cc1[nH]c(/C=C2\C(=O)Nc3ccc(F)cc32)c(C)c1NC(=O)C1CCCNC1,1,CCN(CC)CCNC(=O)c1c(C)[nH]c(/C=C2\C(=O)Nc3ccc(F)cc32)c1C,O=C1Nc2ccccc2/C1=C/c1cc(NC(=O)C2CCCNC2)c[nH]1,0.1631206,0.1631,0.6151557,0.6152,3.2331048,3.2331,1
5.7064,5.7064,31.4643,0.4646342,Cc1[nH]c(/C=C2\C(=O)Nc3ccc(F)cc32)c(C)c1NC(=O)CCCN1CCCCC1,1,CCN(CC)CCNC(=O)c1c(C)[nH]c(/C=C2\C(=O)Nc3ccc(F)cc32)c1C,O=C(CCCN1CCCCC1)Nc1c[nH]c(/C=C2\C(=O)Nc3ccccc32)c1,0.1768707,0.1769,0.5990815,0.5991,2.6612799,2.6613,1
5.9029,5.9029,32.0409,0.4742976,Cc1[nH]c(/C=C2\C(=O)Nc3ccc(F)cc32)c(C)c1NC(=O)CCCN1CCN(C)CC1,1,CCN(CC)CCNC(=O)c1c(C)[nH]c(/C=C2\C(=O)Nc3ccc(F)cc32)c1C,O=C(CCCN1CCNCC1)Nc1c[nH]c(/C=C2\C(=O)Nc3ccccc32)c1,0.1824324,0.1824,0.6040353,0.6040,2.7179556,2.7180,1
3.9616,3.9616,37.5204,0.5185252,Cc1[nH]c(/C=C2\C(=O)Nc3ccc(F)cc32)c(C)c1NC(=O)CCN(C)C,1,CCN(CC)CCNC(=O)c1c(C)[nH]c(/C=C2\C(=O)Nc3ccc(F)cc32)c1C,O=C1Nc2ccccc2/C1=C/c1ccc[nH]1,0.1954887,0.1955,0.7078025,0.7078,2.7101786,2.7102,1
3.2361,3.2361,36.3087,0.4943099,Cc1[nH]c(/C=C2\C(=O)Nc3ccc(F)cc32)c(C)c1NC(=O)CCN1CCCC1,1,CCN(CC)CCNC(=O)c1c(C)[nH]c(/C=C2\C(=O)Nc3ccc(F)cc32)c1C,O=C(CCN1CCCC1)Nc1c[nH]c(/C=C2\C(=O)Nc3ccccc32)c1,0.1843972,0.1844,0.6748676,0.6749,2.6472771,2.6473,1
3.0463,3.0463,35.6058,0.4831516,Cc1[nH]c(/C=C2\C(=O)Nc3ccc(F)cc32)c(C)c1NC(=O)CCN1CCCCC1,1,CCN(CC)CCNC(=O)c1c(C)[nH]c(/C=C2\C(=O)Nc3ccc(F)cc32)c1C,O=C(CCN1CCCCC1)Nc1c[nH]c(/C=C2\C(=O)Nc3ccccc32)c1,0.1805556,0.1806,0.6503267,0.6503,2.6510820,2.6511,1
3.1189,3.1189,34.0049,0.4640484,Cc1[nH]c(/C=C2\C(=O)Nc3ccc(F)cc32)c(C)c1NC(=O)CCN1CCNCC1,1,CCN(CC)CCNC(=O)c1c(C)[nH]c(/C=C2\C(=O)Nc3ccc(F)cc32)c1C,O=C(CCN1CCNCC1)Nc1c[nH]c(/C=C2\C(=O)Nc3ccccc32)c1,0.1805556,0.1806,0.5694473,0.5694,2.7882941,2.7883,1
4.7018,4.7018,33.2364,0.4742273,Cc1[nH]c(/C=C2\C(=O)Nc3ccc(F)cc32)c(C)c1NC(=O)CCNC(C)(C)C,1,CCN(CC)CCNC(=O)c1c(C)[nH]c(/C=C2\C(=O)Nc3ccc(F)cc32)c1C,O=C1Nc2ccccc2/C1=C/c1ccc[nH]1,0.1884058,0.1884,0.5748541,0.5749,2.7813773,2.7814,1
3.8898,3.8898,32.3555,0.4530658,Cc1[nH]c(/C=C2\C(=O)Nc3ccc(F)cc32)c(C)c1NC(=O)CCNC1CCCC1,1,CCN(CC)CCNC(=O)c1c(C)[nH]c(/C=C2\C(=O)Nc3ccc(F)cc32)c1C,O=C(CCNC1CCCC1)Nc1c[nH]c(/C=C2\C(=O)Nc3ccccc32)c1,0.1805556,0.1806,0.5404721,0.5405,2.7240903,2.7241,1
3.0683,3.0683,32.2074,0.4409460,Cc1[nH]c(/C=C2\C(=O)Nc3ccc(F)cc32)c(C)c1NC(=O)CCNC1CCCCC1,1,CCN(CC)CCNC(=O)c1c(C)[nH]c(/C=C2\C(=O)Nc3ccc(F)cc32)c1C,O=C(CCNC1CCCCC1)Nc1c[nH]c(/C=C2\C(=O)Nc3ccccc32)c1,0.1768707,0.1769,0.5146935,0.5147,2.7274740,2.7275,1
4.8860,4.8860,36.7955,0.5210184,Cc1[nH]c(/C=C2\C(=O)Nc3ccc(F)cc32)c(C)c1NC(=O)CN(C)C,1,CCN(CC)CCNC(=O)c1c(C)[nH]c(/C=C2\C(=O)Nc3ccc(F)cc32)c1C,O=C1Nc2ccccc2/C1=C/c1ccc[nH]1,0.1908397,0.1908,0.7374343,0.7374,2.7094187,2.7094,1
4.2408,4.2408,35.5110,0.4968969,Cc1[nH]c(/C=C2\C(=O)Nc3ccc(F)cc32)c(C)c1NC(=O)CN1CCCC1,1,CCN(CC)CCNC(=O)c1c(C)[nH]c(/C=C2\C(=O)Nc3ccc(F)cc32)c1C,O=C(CN1CCCC1)Nc1c[nH]c(/C=C2\C(=O)Nc3ccccc32)c1,0.1798561,0.1799,0.7103510,0.7104,2.6040465,2.6040,1
3.9236,3.9236,35.0423,0.4870729,Cc1[nH]c(/C=C2\C(=O)Nc3ccc(F)cc32)c(C)c1NC(=O)CN1CCCCC1,1,CCN(CC)CCNC(=O)c1c(C)[nH]c(/C=C2\C(=O)Nc3ccc(F)cc32)c1C,O=C(CN1CCCCC1)Nc1c[nH]c(/C=C2\C(=O)Nc3ccccc32)c1,0.1760563,0.1761,0.6901001,0.6901,2.6070929,2.6071,1
3.4695,3.4695,32.5133,0.4497848,Cc1[nH]c(/C=C2\C(=O)Nc3ccc(F)cc32)c(C)c1NC(=O)CNC1CCCCC1,1,CCN(CC)CCNC(=O)c1c(C)[nH]c(/C=C2\C(=O)Nc3ccc(F)cc32)c1C,O=C(CNC1CCCCC1)Nc1c[nH]c(/C=C2\C(=O)Nc3ccccc32)c1,0.1724138,0.1724,0.5594247,0.5594,2.7240024,2.7240,1
4.1144,4.1144,34.1602,0.4784325,Cc1[nH]c(/C=C2\C(=O)Nc3ccc(F)cc32)c(C)c1NC(=O)[C@H]1CCCN1,1,CCN(CC)CCNC(=O)c1c(C)[nH]c(/C=C2\C(=O)Nc3ccc(F)cc32)c1C,O=C1Nc2ccccc2/C1=C/c1cc(NC(=O)[C@H]2CCCN2)c[nH]1,0.1666667,0.1667,0.6285317,0.6285,3.2464531,3.2465,1
8.3752,8.3752,29.3201,0.4711907,Cc1[nH]c(/C=C2\C(=O)Nc3ncc(Br)cc32)c(C)c1C(=O)NCC(C)O,1,CCN(CC)CCNC(=O)c1c(C)[nH]c(/C=C2\C(=O)Nc3ccc(F)cc32)c1C,O=C1Nc2ncccc2/C1=C/c1ccc[nH]1,0.1729323,0.1729,0.5712224,0.5712,3.3245083,3.3245,1
4.7521,4.7521,33.6054,0.4794688,Cc1[nH]c(/C=C2\C(=O)Nc3ncc(F)cc32)c(C)c1C(=O)NCCN1CCCC1,1,CCN(CC)CCNC(=O)c1c(C)[nH]c(/C=C2\C(=O)Nc3ccc(F)cc32)c1C,O=C1Nc2ncccc2/C1=C/c1cc(C(=O)NCCN2CCCC2)c[nH]1,0.1678322,0.1678,0.6764351,0.6764,2.7897203,2.7897,1
7.1616,7.1616,27.4103,0.4321495,Cc1[nH]c(/C=C2\C(=O)Nc3ncc(F)cc32)c(C)c1C(=O)NCCOCc1ccccc1,1,CCN(CC)CCNC(=O)c1c(C)[nH]c(/C=C2\C(=O)Nc3ccc(F)cc32)c1C,O=C1Nc2ncccc2/C1=C/c1cc(C(=O)NCCOCc2ccccc2)c[nH]1,0.2137931,0.2138,0.3910619,0.3911,2.7262896,2.7263,1
15.2913,15.2913,24.4507,0.4967747,Cc1[nH]c(/C=C2\C(=O)Nc3ccc(F)cc32)c(C)c1C(=O)N1CCC(N(C)C)CC1,1,CCN(CC)CCNC(=O)c1c(C)[nH]c(/C=C2\C(=O)Nc3ccc(F)cc32)c1C,O=C1Nc2ccccc2/C1=C/c1cc(C(=O)N2CCCCC2)c[nH]1,0.1666667,0.1667,0.7621209,0.7621,2.6987072,2.6987,1
8.8694,8.8694,23.6773,0.4068338,Cc1cc(-n2c(=O)ccc3cnc4ccc(-c5cnc6ccccc6c5)cc4c32)ccc1C(C)O,1,CCC(=O)N1CCN(c2ccc(-n3c(=O)ccc4cnc5ccc(-c6cnc7ccccc7c6)cc5c43)cc2C(F)(F)F)CC1,O=c1ccc2cnc3ccc(-c4cnc5ccccc5c4)cc3c2n1-c1ccccc1,0.2077922,0.2078,0.3253865,0.3254,3.0499331,3.0499,1
4.4009,4.4009,23.5896,0.3498818,Cc1cc(-n2c(=O)ccc3cnc4ccc(-c5cnc6ccccc6c5)cc4c32)ccc1C(F)(F)F,1,CCC(=O)N1CCN(c2ccc(-n3c(=O)ccc4cnc5ccc(-c6cnc7ccccc7c6)cc5c43)cc2C(F)(F)F)CC1,O=c1ccc2cnc3ccc(-c4cnc5ccccc5c4)cc3c2n1-c1ccccc1,0.1974522,0.1975,0.2483719,0.2484,2.6381372,2.6381,1
3.9644,3.9644,26.3723,0.3792091,Cc1cc(-n2c(=O)ccc3cnc4ccc(-c5cnc6ccccc6c5)cc4c32)ccc1Cl,1,CCC(=O)N1CCN(c2ccc(-n3c(=O)ccc4cnc5ccc(-c6cnc7ccccc7c6)cc5c43)cc2C(F)(F)F)CC1,O=c1ccc2cnc3ccc(-c4cnc5ccccc5c4)cc3c2n1-c1ccccc1,0.2229730,0.2230,0.2768034,0.2768,2.4570939,2.4571,1
4.0946,4.0946,26.4262,0.3815101,Cc1cc(-n2c(=O)ccc3cnc4ccc(-c5cnc6ccccc6c5)cc4c32)ccc1F,1,CCC(=O)N1CCN(c2ccc(-n3c(=O)ccc4cnc5ccc(-c6cnc7ccccc7c6)cc5c43)cc2C(F)(F)F)CC1,O=c1ccc2cnc3ccc(-c4cnc5ccccc5c4)cc3c2n1-c1ccccc1,0.2066667,0.2067,0.3067080,0.3067,2.4676574,2.4677,1
4.3757,4.3757,25.5025,0.3734774,Cc1cc(-n2c(=O)ccc3cnc4ccc(-c5cnc6ccccc6c5)cc4c32)ccc1N1CCN(C)CC1,1,CCC(=O)N1CCN(c2ccc(-n3c(=O)ccc4cnc5ccc(-c6cnc7ccccc7c6)cc5c43)cc2C(F)(F)F)CC1,O=c1ccc2cnc3ccc(-c4cnc5ccccc5c4)cc3c2n1-c1ccc(N2CCNCC2)cc1,0.2060606,0.2061,0.2806259,0.2806,2.6495153,2.6495,1
6.4279,6.4279,35.0613,0.5186152,Cc1cc(I)ccc1Nc1c(C(=O)N(C)CCO)ccc(F)c1F,1,O=C(NOC[C@H](O)CO)c1ccc(F)c(F)c1Nc1ccc(I)cc1F,c1ccc(Nc2ccccc2)cc1,0.2096774,0.2097,0.6896911,0.6897,2.4261168,2.4261,1
9.7226,9.7226,30.7949,0.5064686,Cc1cc(I)ccc1Nc1c(C(=O)N2CCOC(C)(CO)C2)ccc(F)c1F,1,O=C(NOC[C@H](O)CO)c1ccc(F)c(F)c1Nc1ccc(I)cc1F,O=C(c1ccccc1Nc1ccccc1)N1CCOCC1,0.1911765,0.1912,0.6244506,0.6245,3.2354669,3.2355,1
11.0547,11.0547,19.3437,0.3799794,Cc1cc(I)ccc1Nc1c(C(=O)NNC(=O)[C@@H](O)CO)ccc(F)c1F,1,O=C(NOC[C@H](O)CO)c1ccc(F)c(F)c1Nc1ccc(I)cc1F,c1ccc(Nc2ccccc2)cc1,0.1791045,0.1791,0.3235632,0.3236,3.0307734,3.0308,1
4.1878,4.1878,33.6057,0.4724196,Cc1cc(I)ccc1Nc1c(C(=O)NOC(C)C)ccc(F)c1F,1,O=C(NOC[C@H](O)CO)c1ccc(F)c(F)c1Nc1ccc(I)cc1F,c1ccc(Nc2ccccc2)cc1,0.2096774,0.2097,0.5178644,0.5179,2.6163523,2.6164,1
3.7626,3.7626,32.5620,0.4540578,Cc1cc(I)ccc1Nc1c(C(=O)NOCC2CC2)ccc(F)c1F,1,O=C(NOC[C@H](O)CO)c1ccc(F)c(F)c1Nc1ccc(I)cc1F,O=C(NOCC1CC1)c1ccccc1Nc1ccccc1,0.2031250,0.2031,0.4880454,0.4880,2.5677810,2.5678,1
7.2526,7.2526,25.9359,0.4148560,Cc1cc(I)ccc1Nc1cc(F)ccc1C(=O)NO,1,O=C(NOC[C@H](O)CO)c1ccc(F)c(F)c1Nc1ccc(I)cc1F,c1ccc(Nc2ccccc2)cc1,0.1965812,0.1966,0.4293313,0.4293,2.2127712,2.2128,1
8.3975,8.3975,25.0945,0.4186498,Cc1ncc(-c2ccc3ncc4ccc(=O)n(-c5ccc(N6CCNCC6)c(C(F)(F)F)c5)c4c3c2)cn1,1,CCC(=O)N1CCN(c2ccc(-n3c(=O)ccc4cnc5ccc(-c6cnc7ccccc7c6)cc5c43)cc2C(F)(F)F)CC1,O=c1ccc2cnc3ccc(-c4cncnc4)cc3c2n1-c1ccc(N2CCNCC2)cc1,0.2125000,0.2125,0.3496212,0.3496,2.9208209,2.9208,1
7.2427,7.2427,27.0429,0.4285697,Clc1ccc(Nc2ncnc3cnc(N4CCC(N5CCCCC5)CC4)nc23)cc1Cl,1,CCN(CC)CC1CCN(c2ncc3ncnc(Nc4ccc(F)c(Cl)c4)c3n2)CC1,c1ccc(Nc2ncnc3cnc(N4CCC(N5CCCCC5)CC4)nc23)cc1,0.1503268,0.1503,0.5949318,0.5949,2.5630775,2.5631,1
2.6248,2.6248,32.4761,0.4387604,Cn1c(=O)ccc2cnc3ccc(-c4cnc5ccccc5c4)cc3c21,1,CCC(=O)N1CCN(c2ccc(-n3c(=O)ccc4cnc5ccc(-c6cnc7ccccc7c6)cc5c43)cc2C(F)(F)F)CC1,O=c1ccc2cnc3ccc(-c4cnc5ccccc5c4)cc3c2[nH]1,0.2196970,0.2197,0.4284719,0.4285,2.3108884,2.3109,1
5.6374,5.6374,24.5413,0.3772332,Cn1cc(-c2ccc3ncc4ccc(=O)n(-c5ccc(F)c(C(F)(F)F)c5)c4c3c2)cn1,1,CCC(=O)N1CCN(c2ccc(-n3c(=O)ccc4cnc5ccc(-c6cnc7ccccc7c6)cc5c43)cc2C(F)(F)F)CC1,O=c1ccc2cnc3ccc(-c4cn[nH]c4)cc3c2n1-c1ccccc1,0.2068966,0.2069,0.2847994,0.2848,2.6879248,2.6879,1
3.7195,3.7195,29.6203,0.4167475,Cn1cc(-c2ccc3ncc4ccc(=O)n(-c5ccc(N6CCNCC6)c(C(F)(F)F)c5)c4c3c2)cn1,1,CCC(=O)N1CCN(c2ccc(-n3c(=O)ccc4cnc5ccc(-c6cnc7ccccc7c6)cc5c43)cc2C(F)(F)F)CC1,O=c1ccc2cnc3ccc(-c4cn[nH]c4)cc3c2n1-c1ccc(N2CCNCC2)cc1,0.2012579,0.2013,0.3699185,0.3699,2.8908183,2.8908,1
4.0586,4.0586,31.3630,0.4427699,Cn1cc(-c2ccc3ncc4ccc(=O)n(-c5ccc(N6CCNCC6)c(F)c5)c4c3c2)cn1,1,CCC(=O)N1CCN(c2ccc(-n3c(=O)ccc4cnc5ccc(-c6cnc7ccccc7c6)cc5c43)cc2C(F)(F)F)CC1,O=c1ccc2cnc3ccc(-c4cn[nH]c4)cc3c2n1-c1ccc(N2CCNCC2)cc1,0.2105263,0.2105,0.4229615,0.4230,2.7497937,2.7498,1
4.1079,4.1079,30.5763,0.4335519,Cn1cc(-c2ccc3ncc4ccc(=O)n(-c5ccc(N6CCNCC6)cc5)c4c3c2)cn1,1,CCC(=O)N1CCN(c2ccc(-n3c(=O)ccc4cnc5ccc(-c6cnc7ccccc7c6)cc5c43)cc2C(F)(F)F)CC1,O=c1ccc2cnc3ccc(-c4cn[nH]c4)cc3c2n1-c1ccc(N2CCNCC2)cc1,0.1973684,0.1974,0.4395419,0.4395,2.6458823,2.6459,1
4.8329,4.8329,26.9811,0.3976761,Cn1cc(-c2ccc3ncc4ccc(=O)n(-c5ccc(N6CCOCC6)c(C(F)(F)F)c5)c4c3c2)cn1,1,CCC(=O)N1CCN(c2ccc(-n3c(=O)ccc4cnc5ccc(-c6cnc7ccccc7c6)cc5c43)cc2C(F)(F)F)CC1,O=c1ccc2cnc3ccc(-c4cn[nH]c4)cc3c2n1-c1ccc(N2CCOCC2)cc1,0.2012579,0.2013,0.3299940,0.3300,2.8295791,2.8296,1
6.5284,6.5284,27.5482,0.4259581,Cn1cc(-c2ccc3ncc4ccc(=O)n(-c5ccc(N6CCOCC6)c(F)c5)c4c3c2)cn1,1,CCC(=O)N1CCN(c2ccc(-n3c(=O)ccc4cnc5ccc(-c6cnc7ccccc7c6)cc5c43)cc2C(F)(F)F)CC1,O=c1ccc2cnc3ccc(-c4cn[nH]c4)cc3c2n1-c1ccc(N2CCOCC2)cc1,0.2105263,0.2105,0.3861103,0.3861,2.6842244,2.6842,1
7.0247,7.0247,20.2778,0.3412816,Cn1cncc1C(=O)NOCCONC(=O)c1ccc(F)c(F)c1Nc1ccc(I)cc1F,1,O=C(NOC[C@H](O)CO)c1ccc(F)c(F)c1Nc1ccc(I)cc1F,O=C(NOCCONC(=O)c1ccccc1Nc1ccccc1)c1cnc[nH]1,0.2040816,0.2041,0.2057857,0.2058,3.1157496,3.1157,1
7.1684,7.1684,31.9121,0.4885068,Cn1nccc1NC(=O)c1ccc(F)c(F)c1Nc1ccc(I)cc1F,1,O=C(NOC[C@H](O)CO)c1ccc(F)c(F)c1Nc1ccc(I)cc1F,O=C(Nc1ccn[nH]1)c1ccccc1Nc1ccccc1,0.2170543,0.2171,0.5527656,0.5528,2.5326122,2.5326,1
9.8142,9.8142,22.1057,0.3989987,Cn1nnc2c(Nc3ccc(I)cc3F)c(C(=O)NOCCO)ccc21,1,O=C(NOC[C@H](O)CO)c1ccc(F)c(F)c1Nc1ccc(I)cc1F,c1ccc(Nc2cccc3[nH]nnc23)cc1,0.2248062,0.2248,0.2894578,0.2895,2.8915132,2.8915,1
6.8969,6.8969,29.0207,0.4489705,Fc1ccc(Nc2ncnc3cnc(N4CCC(CN5CCCC5)CC4)nc23)cc1Cl,1,CCN(CC)CC1CCN(c2ncc3ncnc(Nc4ccc(F)c(Cl)c4)c3n2)CC1,c1ccc(Nc2ncnc3cnc(N4CCC(CN5CCCC5)CC4)nc23)cc1,0.1578947,0.1579,0.6335743,0.6336,2.5825093,2.5825,1
3.2271,3.2271,33.0413,0.4533548,Fc1ccc(Nc2ncnc3cnc(N4CCC(N5CCCC5)CC4)nc23)cc1Cl,1,CCN(CC)CC1CCN(c2ncc3ncnc(Nc4ccc(F)c(Cl)c4)c3n2)CC1,c1ccc(Nc2ncnc3cnc(N4CCC(N5CCCC5)CC4)nc23)cc1,0.1533333,0.1533,0.6737829,0.6738,2.5752059,2.5752,1
7.1700,7.1700,28.0613,0.4403908,Fc1ccc(Nc2ncnc3cnc(N4CCC(N5CCCC5)CC4)nc23)cc1F,1,CCN(CC)CC1CCN(c2ncc3ncnc(Nc4ccc(F)c(Cl)c4)c3n2)CC1,c1ccc(Nc2ncnc3cnc(N4CCC(N5CCCC5)CC4)nc23)cc1,0.1381579,0.1382,0.7045396,0.7045,2.5730597,2.5731,1
5.4395,5.4395,33.6424,0.4885229,Fc1ccc(Nc2ncnc3cnc(N4CCCC4)nc23)cc1Cl,1,CCN(CC)CC1CCN(c2ncc3ncnc(Nc4ccc(F)c(Cl)c4)c3n2)CC1,c1ccc(Nc2ncnc3cnc(N4CCCC4)nc23)cc1,0.1654135,0.1654,0.7833160,0.7833,2.3778256,2.3778,1
5.8227,5.8227,32.5624,0.4798139,Fc1ccc(Nc2ncnc3cnc(N4CCNCC4)nc23)cc1Cl,1,CCN(CC)CC1CCN(c2ncc3ncnc(Nc4ccc(F)c(Cl)c4)c3n2)CC1,c1ccc(Nc2ncnc3cnc(N4CCNCC4)nc23)cc1,0.1617647,0.1618,0.7427811,0.7428,2.5308782,2.5309,1
3.3612,3.3612,35.2698,0.4828876,Fc1ccc(Nc2ncnc3cnc(N4CCOCC4)nc23)cc1Cl,1,CCN(CC)CC1CCN(c2ncc3ncnc(Nc4ccc(F)c(Cl)c4)c3n2)CC1,c1ccc(Nc2ncnc3cnc(N4CCOCC4)nc23)cc1,0.1617647,0.1618,0.7691710,0.7692,2.4419556,2.4420,1
8.9521,8.9521,28.7382,0.4711293,Fc1ccc(Nc2ncnc3cnc(NC4CCCC4)nc23)cc1Cl,1,CCN(CC)CC1CCN(c2ncc3ncnc(Nc4ccc(F)c(Cl)c4)c3n2)CC1,c1ccc(Nc2ncnc3cnc(NC4CCCC4)nc23)cc1,0.1617647,0.1618,0.7233845,0.7234,2.4207330,2.4207,1
6.8556,6.8556,23.6716,0.3815909,N#CCc1ccc(-n2c(=O)ccc3cnc4ccc(-c5cnc6ccccc6c5)cc4c32)cc1,1,CCC(=O)N1CCN(c2ccc(-n3c(=O)ccc4cnc5ccc(-c6cnc7ccccc7c6)cc5c43)cc2C(F)(F)F)CC1,O=c1ccc2cnc3ccc(-c4cnc5ccccc5c4)cc3c2n1-c1ccccc1,0.1935484,0.1935,0.3264820,0.3265,2.5407511,2.5408,1
6.5712,6.5712,24.3362,0.3863418,NC(=O)c1ccc(-c2ccc3ncc4ccc(=O)n(-c5ccc(N6CCOCC6)c(C(F)(F)F)c5)c4c3c2)cc1,1,CCC(=O)N1CCN(c2ccc(-n3c(=O)ccc4cnc5ccc(-c6cnc7ccccc7c6)cc5c43)cc2C(F)(F)F)CC1,O=c1ccc2cnc3ccc(-c4ccccc4)cc3c2n1-c1ccc(N2CCOCC2)cc1,0.1987952,0.1988,0.3158892,0.3159,2.7237420,2.7237,1
5.1817,5.1817,27.4850,0.4083335,NC(=O)c1ccc(-c2ccc3ncc4ccc(=O)n(-c5ccc(N6CCOCC6)cc5)c4c3c2)cc1,1,CCC(=O)N1CCN(c2ccc(-n3c(=O)ccc4cnc5ccc(-c6cnc7ccccc7c6)cc5c43)cc2C(F)(F)F)CC1,O=c1ccc2cnc3ccc(-c4ccccc4)cc3c2n1-c1ccc(N2CCOCC2)cc1,0.1949686,0.1950,0.3938883,0.3939,2.4627281,2.4627,1
5.7403,5.7403,26.5243,0.4033080,NC(=O)c1ccc(-c2ccc3ncc4ccc(=O)n(-c5ccc(N6CCOCC6)cc5)c4c3c2)cc1F,1,CCC(=O)N1CCN(c2ccc(-n3c(=O)ccc4cnc5ccc(-c6cnc7ccccc7c6)cc5c43)cc2C(F)(F)F)CC1,O=c1ccc2cnc3ccc(-c4ccccc4)cc3c2n1-c1ccc(N2CCOCC2)cc1,0.1925466,0.1925,0.3768438,0.3768,2.5931262,2.5931,1
7.5908,7.5908,25.1542,0.4093124,NC(=O)c1ccc(-n2c(=O)ccc3cnc4ccc(-c5cnc6ccccc6c5)cc4c32)cc1F,1,CCC(=O)N1CCN(c2ccc(-n3c(=O)ccc4cnc5ccc(-c6cnc7ccccc7c6)cc5c43)cc2C(F)(F)F)CC1,O=c1ccc2cnc3ccc(-c4cnc5ccccc5c4)cc3c2n1-c1ccccc1,0.2000000,0.2000,0.3767618,0.3768,2.5689515,2.5690,1
5.3492,5.3492,36.0784,0.5178454,NC(=O)c1ccc(F)c(F)c1Nc1ccc(I)cc1Cl,1,O=C(NOC[C@H](O)CO)c1ccc(F)c(F)c1Nc1ccc(I)cc1F,c1ccc(Nc2ccccc2)cc1,0.1982759,0.1983,0.7526030,0.7526,2.3030645,2.3031,1
6.2444,6.2444,32.6908,0.4866895,NCC1CCN(c2ncc3ncnc(Nc4ccc(F)c(Cl)c4)c3n2)CC1,1,CCN(CC)CC1CCN(c2ncc3ncnc(Nc4ccc(F)c(Cl)c4)c3n2)CC1,c1ccc(Nc2ncnc3cnc(N4CCCCC4)nc23)cc1,0.1726619,0.1727,0.7098662,0.7099,2.5676301,2.5676,1
12.7436,12.7436,25.0564,0.4724998,NCC1CCN(c2nccc3ncnc(Nc4ccc(OC(F)(F)F)c(Cl)c4)c23)CC1,1,CCN(CC)CC1CCN(c2ncc3ncnc(Nc4ccc(F)c(Cl)c4)c3n2)CC1,c1ccc(Nc2ncnc3ccnc(N4CCCCC4)c23)cc1,0.1849315,0.1849,0.5889111,0.5889,2.7144633,2.7145,1
10.8551,10.8551,29.2141,0.5008656,NCCC1CCN(c2ncc3ncnc(Nc4cccc(Cl)c4)c3n2)CC1,1,CCN(CC)CC1CCN(c2ncc3ncnc(Nc4ccc(F)c(Cl)c4)c3n2)CC1,c1ccc(Nc2ncnc3cnc(N4CCCCC4)nc23)cc1,0.1884058,0.1884,0.6970388,0.6970,2.5318960,2.5319,1
10.7472,10.7472,27.3651,0.4764043,NCN1CCN(c2ncc3ncnc(Nc4ccc(F)c(Cl)c4)c3n2)CC1,1,CCN(CC)CC1CCN(c2ncc3ncnc(Nc4ccc(F)c(Cl)c4)c3n2)CC1,c1ccc(Nc2ncnc3cnc(N4CCNCC4)nc23)cc1,0.1642857,0.1643,0.7001648,0.7002,2.6448668,2.6449,1
6.6865,6.6865,24.7496,0.3929515,NS(=O)(=O)c1ccc(-c2ccc3ncc4ccc(=O)n(-c5ccc(N6CCOCC6)c(F)c5)c4c3c2)cc1,1,CCC(=O)N1CCN(c2ccc(-n3c(=O)ccc4cnc5ccc(-c6cnc7ccccc7c6)cc5c43)cc2C(F)(F)F)CC1,O=c1ccc2cnc3ccc(-c4ccccc4)cc3c2n1-c1ccc(N2CCOCC2)cc1,0.1901840,0.1902,0.3541157,0.3541,2.6309422,2.6309,1
7.3337,7.3337,28.3204,0.4456767,N[C@H]1CC[C@@H](Nc2ncc3ncnc(Nc4ccc(F)c(Cl)c4)c3n2)CC1,1,CCN(CC)CC1CCN(c2ncc3ncnc(Nc4ccc(F)c(Cl)c4)c3n2)CC1,c1ccc(Nc2ncnc3cnc(NC4CCCCC4)nc23)cc1,0.1560284,0.1560,0.6276776,0.6277,2.6011058,2.6011,1
7.5836,7.5836,25.8641,0.4180962,Nc1ccc(-c2ccc3ncc4ccc(=O)n(-c5ccc(C(F)(F)F)cc5)c4c3c2)cn1,1,CCC(=O)N1CCN(c2ccc(-n3c(=O)ccc4cnc5ccc(-c6cnc7ccccc7c6)cc5c43)cc2C(F)(F)F)CC1,O=c1ccc2cnc3ccc(-c4cccnc4)cc3c2n1-c1ccccc1,0.2054795,0.2055,0.3892138,0.3892,2.5310679,2.5311,1
4.6269,4.6269,28.8452,0.4184019,Nc1ccc(-c2ccc3ncc4ccc(=O)n(-c5ccc(N6CCNCC6)cc5)c4c3c2)cn1,1,CCC(=O)N1CCN(c2ccc(-n3c(=O)ccc4cnc5ccc(-c6cnc7ccccc7c6)cc5c43)cc2C(F)(F)F)CC1,O=c1ccc2cnc3ccc(-c4cccnc4)cc3c2n1-c1ccc(N2CCNCC2)cc1,0.1935484,0.1935,0.4102263,0.4102,2.6299245,2.6299,1
5.8132,5.8132,28.4452,0.4282305,Nc1ncc(-c2ccc3ncc4ccc(=O)n(-c5ccc(N6CCNCC6)c(F)c5)c4c3c2)cn1,1,CCC(=O)N1CCN(c2ccc(-n3c(=O)ccc4cnc5ccc(-c6cnc7ccccc7c6)cc5c43)cc2C(F)(F)F)CC1,O=c1ccc2cnc3ccc(-c4cncnc4)cc3c2n1-c1ccc(N2CCNCC2)cc1,0.2064516,0.2065,0.3932257,0.3932,2.7866842,2.7867,1
10.4070,10.4070,25.7696,0.4522072,O=C(CN1CCC(Nc2ncc3nccc(Nc4ccc(F)c(Cl)c4)c3n2)CC1)N1CCOCC1,1,CCN(CC)CC1CCN(c2ncc3ncnc(Nc4ccc(F)c(Cl)c4)c3n2)CC1,O=C(CN1CCC(Nc2ncc3nccc(Nc4ccccc4)c3n2)CC1)N1CCOCC1,0.1835443,0.1835,0.5332029,0.5332,2.6665675,2.6666,1
14.5150,14.5150,18.8949,0.4176238,O=C(CO)NC1CCN(c2nc(N3CCOCC3)c3ncnc(Nc4ccc(F)c(Cl)c4)c3n2)CC1,1,CCN(CC)CC1CCN(c2ncc3ncnc(Nc4ccc(F)c(Cl)c4)c3n2)CC1,c1ccc(Nc2ncnc3c(N4CCOCC4)nc(N4CCCCC4)nc23)cc1,0.1739130,0.1739,0.4462661,0.4463,2.8241759,2.8242,1
12.4276,12.4276,23.4414,0.4483631,O=C(NCCN1CCOCC1)C1CCCN(c2ncc3ncnc(Nc4ccc(F)c(Cl)c4)c3n2)C1,1,CCN(CC)CC1CCN(c2ncc3ncnc(Nc4ccc(F)c(Cl)c4)c3n2)CC1,O=C(NCCN1CCOCC1)C1CCCN(c2ncc3ncnc(Nc4ccccc4)c3n2)C1,0.1801242,0.1801,0.4914745,0.4915,3.1334483,3.1334,1
6.2649,6.2649,29.6110,0.4484490,O=C(NC[C@@H](O)CO)c1ccc(F)c(F)c1Nc1ccc(I)cc1F,1,O=C(NOC[C@H](O)CO)c1ccc(F)c(F)c1Nc1ccc(I)cc1F,c1ccc(Nc2ccccc2)cc1,0.1860465,0.1860,0.4939005,0.4939,2.8800971,2.8801,1
5.7342,5.7342,31.2210,0.4619406,O=C(NC[C@H](O)CO)c1ccc(F)c(F)c1Nc1ccc(I)cc1Cl,1,O=C(NOC[C@H](O)CO)c1ccc(F)c(F)c1Nc1ccc(I)cc1F,c1ccc(Nc2ccccc2)cc1,0.2047244,0.2047,0.4773258,0.4773,2.8891296,2.8891,1
5.3035,5.3035,26.2055,0.3938629,O=C(NO)c1ccc(F)c(F)c1Nc1ccc(I)cc1F,1,O=C(NOC[C@H](O)CO)c1ccc(F)c(F)c1Nc1ccc(I)cc1F,c1ccc(Nc2ccccc2)cc1,0.1735537,0.1736,0.4136982,0.4137,2.4161707,2.4162,1
8.7194,8.7194,22.8009,0.3940028,O=C(NOC(CO)CO)c1ccc(F)c(F)c1Nc1ccc(I)c(F)c1,1,O=C(NOC[C@H](O)CO)c1ccc(F)c(F)c1Nc1ccc(I)cc1F,c1ccc(Nc2ccccc2)cc1,0.1818182,0.1818,0.3599603,0.3600,2.8685792,2.8686,1
6.5987,6.5987,25.5313,0.4016255,O=C(NOCC(O)CO)c1ccc(F)c(F)c1Nc1ccc(I)c(F)c1,1,O=C(NOC[C@H](O)CO)c1ccc(F)c(F)c1Nc1ccc(I)cc1F,c1ccc(Nc2ccccc2)cc1,0.1818182,0.1818,0.3599603,0.3600,3.1772437,3.1772,1
5.0881,5.0881,26.9696,0.4007208,O=C(NOCC(O)CO)c1ccc(F)c(F)c1Nc1ccc(I)cc1F,1,O=C(NOC[C@H](O)CO)c1ccc(F)c(F)c1Nc1ccc(I)cc1F,c1ccc(Nc2ccccc2)cc1,0.1818182,0.1818,0.3599603,0.3600,3.1392585,3.1393,1
11.1877,11.1877,20.8777,0.4008179,O=C(NOCC1(O)CCOCC1)c1ccc(F)c(F)c1Nc1ccc(I)cc1Cl,1,O=C(NOC[C@H](O)CO)c1ccc(F)c(F)c1Nc1ccc(I)cc1F,O=C(NOCC1CCOCC1)c1ccccc1Nc1ccccc1,0.1773050,0.1773,0.3801668,0.3802,2.9882769,2.9883,1
3.3829,3.3829,32.0193,0.4425277,O=C(NOCC1CC1)c1ccc(F)c(F)c1Nc1ccc(I)cc1Cl,1,O=C(NOC[C@H](O)CO)c1ccc(F)c(F)c1Nc1ccc(I)cc1F,O=C(NOCC1CC1)c1ccccc1Nc1ccccc1,0.2031250,0.2031,0.4519037,0.4519,2.6110151,2.6110,1
3.5060,3.5060,31.4861,0.4374017,O=C(NOCC1CC1)c1ccc(F)c(F)c1Nc1ccc(I)cc1F,1,O=C(NOC[C@H](O)CO)c1ccc(F)c(F)c1Nc1ccc(I)cc1F,O=C(NOCC1CC1)c1ccccc1Nc1ccccc1,0.1846154,0.1846,0.4905753,0.4906,2.6021134,2.6021,1
5.1023,5.1023,24.6293,0.3716451,O=C(NOCCN1CCOCC1)c1ccc(F)c(F)c1Nc1ccc(I)cc1F,1,O=C(NOC[C@H](O)CO)c1ccc(F)c(F)c1Nc1ccc(I)cc1F,O=C(NOCCN1CCOCC1)c1ccccc1Nc1ccccc1,0.1760563,0.1761,0.3324135,0.3324,2.6554632,2.6555,1
7.6595,7.6595,22.3575,0.3752121,O=C(NOCCO)c1cc(F)c(F)cc1Nc1ccc(I)cc1F,1,O=C(NOC[C@H](O)CO)c1ccc(F)c(F)c1Nc1ccc(I)cc1F,c1ccc(Nc2ccccc2)cc1,0.1705426,0.1705,0.3582167,0.3582,2.5916405,2.5916,1
3.8052,3.8052,27.5947,0.3924991,O=C(NOCCO)c1ccc(F)c(F)c1Nc1ccc(I)cc1F,1,O=C(NOC[C@H](O)CO)c1ccc(F)c(F)c1Nc1ccc(I)cc1F,c1ccc(Nc2ccccc2)cc1,0.1889764,0.1890,0.3582167,0.3582,2.5935664,2.5936,1
3.5804,3.5804,29.4440,0.4128057,O=C(NOC[C@@H](O)CO)c1ccc(F)c(F)c1Nc1ccc(I)cc1Cl,1,O=C(NOC[C@H](O)CO)c1ccc(F)c(F)c1Nc1ccc(I)cc1F,c1ccc(Nc2ccccc2)cc1,0.2000000,0.2000,0.3481574,0.3482,3.1479094,3.1479,1
10.1779,10.1779,17.7270,0.3488120,O=C(NOC[C@@H](O)CO)c1ccc(F)cc1Nc1ccc(I)cc1C(F)(F)F,1,O=C(NOC[C@H](O)CO)c1ccc(F)c(F)c1Nc1ccc(I)cc1F,c1ccc(Nc2ccccc2)cc1,0.1751825,0.1752,0.2591180,0.2591,3.1526875,3.1527,1
8.4226,8.4226,22.9316,0.3919272,O=C(NOC[C@@H](O)CO)c1ncc(F)cc1Nc1ccc(I)cc1F,1,O=C(NOC[C@H](O)CO)c1ccc(F)c(F)c1Nc1ccc(I)cc1F,c1ccc(Nc2cccnc2)cc1,0.1666667,0.1667,0.3671299,0.3671,3.2845476,3.2845,1
4.8186,4.8186,28.3573,0.4146987,O=C(NOC[C@H](O)CO)c1ccc(F)c(F)c1Nc1ccc(I)cc1,1,O=C(NOC[C@H](O)CO)c1ccc(F)c(F)c1Nc1ccc(I)cc1F,c1ccc(Nc2ccccc2)cc1,0.1937984,0.1938,0.3733589,0.3734,3.0188219,3.0188,1
8.1313,8.1313,22.0668,0.3774764,O=C(Nc1ccc(F)cc1F)c1ccc(F)c(F)c1Nc1ccc(I)cc1F,1,O=C(NOC[C@H](O)CO)c1ccc(F)c(F)c1Nc1ccc(I)cc1F,O=C(Nc1ccccc1)c1ccccc1Nc1ccccc1,0.1911765,0.1912,0.3392378,0.3392,2.2858975,2.2859,1
14.5328,14.5328,25.8207,0.5044193,O=C(O)c1ccc(F)c(F)c1Nc1ccc(F)cc1F,1,O=C(NOC[C@H](O)CO)c1ccc(F)c(F)c1Nc1ccc(I)cc1F,c1ccc(Nc2ccccc2)cc1,0.1779661,0.1780,0.8455888,0.8456,2.0407209,2.0407,1
5.9483,5.9483,33.4762,0.4928072,O=C(c1ccc(F)c(F)c1Nc1ccc(I)cc1F)N1CC(CO)C1,1,O=C(NOC[C@H](O)CO)c1ccc(F)c(F)c1Nc1ccc(I)cc1F,O=C(c1ccccc1Nc1ccccc1)N1CCC1,0.1860465,0.1860,0.6846093,0.6846,2.4789935,2.4790,1
5.3386,5.3386,29.8123,0.4393867,O=C(c1ccc(F)c(F)c1Nc1ccc(I)cc1F)N1CC(O)(CN2CCCC2)C1,1,O=C(NOC[C@H](O)CO)c1ccc(F)c(F)c1Nc1ccc(I)cc1F,O=C(c1ccccc1Nc1ccccc1)N1CC(CN2CCCC2)C1,0.1586207,0.1586,0.5781520,0.5782,2.7348056,2.7348,1
4.5377,4.5377,30.1167,0.4331804,O=C(c1ccc(F)c(F)c1Nc1ccc(I)cc1F)N1CC(O)(CN2CCOCC2)C1,1,O=C(NOC[C@H](O)CO)c1ccc(F)c(F)c1Nc1ccc(I)cc1F,O=C(c1ccccc1Nc1ccccc1)N1CC(CN2CCOCC2)C1,0.1554054,0.1554,0.5644326,0.5644,2.7898987,2.7899,1
7.4249,7.4249,31.9916,0.4927063,O=C(c1ccc(F)c(F)c1Nc1ccc(I)cc1F)N1CCC[C@H]1CO,1,O=C(NOC[C@H](O)CO)c1ccc(F)c(F)c1Nc1ccc(I)cc1F,O=C(c1ccccc1Nc1ccccc1)N1CCCC1,0.1804511,0.1805,0.6555572,0.6556,2.9000787,2.9001,1
4.8651,4.8651,32.5825,0.4680946,O=C(c1ccc(F)c(F)c1Nc1ccc(I)cc1F)N1CCOCC1,1,O=C(NOC[C@H](O)CO)c1ccc(F)c(F)c1Nc1ccc(I)cc1F,O=C(c1ccccc1Nc1ccccc1)N1CCOCC1,0.1654135,0.1654,0.7038679,0.7039,2.3449380,2.3449,1
8.0164,8.0164,29.9254,0.4742724,O=CN1CCN(c2ncc3ncnc(Nc4ccc(F)c(Cl)c4)c3n2)CC1,1,CCN(CC)CC1CCN(c2ncc3ncnc(Nc4ccc(F)c(Cl)c4)c3n2)CC1,c1ccc(Nc2ncnc3cnc(N4CCNCC4)nc23)cc1,0.1642857,0.1643,0.6866759,0.6867,2.6848023,2.6848,1
13.8073,13.8073,10.5901,0.3049683,O=CNCCC(O)CONC(=O)c1ccc(F)c(F)c1Nc1ccc(I)cc1Cl,1,O=C(NOC[C@H](O)CO)c1ccc(F)c(F)c1Nc1ccc(I)cc1F,c1ccc(Nc2ccccc2)cc1,0.1870504,0.1871,0.1609748,0.1610,3.4245686,3.4246,1
9.0332,9.0332,21.7118,0.3843132,O=c1ccc2cnc3ccc(-c4cnc5ccccc5c4)cc3c2n1-c1cc(N2CCOCC2)ncn1,1,CCC(=O)N1CCN(c2ccc(-n3c(=O)ccc4cnc5ccc(-c6cnc7ccccc7c6)cc5c43)cc2C(F)(F)F)CC1,O=c1ccc2cnc3ccc(-c4cnc5ccccc5c4)cc3c2n1-c1cc(N2CCOCC2)ncn1,0.1818182,0.1818,0.3432470,0.3432,2.7624087,2.7624,1
6.7611,6.7611,21.8099,0.3571376,O=c1ccc2cnc3ccc(-c4cnc5ccccc5c4)cc3c2n1-c1ccc(C2CC2)c(F)c1,1,CCC(=O)N1CCN(c2ccc(-n3c(=O)ccc4cnc5ccc(-c6cnc7ccccc7c6)cc5c43)cc2C(F)(F)F)CC1,O=c1ccc2cnc3ccc(-c4cnc5ccccc5c4)cc3c2n1-c1ccc(C2CC2)cc1,0.1910828,0.1911,0.2755951,0.2756,2.5806561,2.5807,1
3.4862,3.4862,25.5543,0.3630053,O=c1ccc2cnc3ccc(-c4cnc5ccccc5c4)cc3c2n1-c1ccc(C2CC2)cc1,1,CCC(=O)N1CCN(c2ccc(-n3c(=O)ccc4cnc5ccc(-c6cnc7ccccc7c6)cc5c43)cc2C(F)(F)F)CC1,O=c1ccc2cnc3ccc(-c4cnc5ccccc5c4)cc3c2n1-c1ccc(C2CC2)cc1,0.1935484,0.1935,0.2907798,0.2908,2.4541337,2.4541,1
8.8879,8.8879,18.8356,0.3465439,O=c1ccc2cnc3ccc(-c4cnc5ccccc5c4)cc3c2n1-c1ccc(CN2CCCC2)cc1,1,CCC(=O)N1CCN(c2ccc(-n3c(=O)ccc4cnc5ccc(-c6cnc7ccccc7c6)cc5c43)cc2C(F)(F)F)CC1,O=c1ccc2cnc3ccc(-c4cnc5ccccc5c4)cc3c2n1-c1ccc(CN2CCCC2)cc1,0.1818182,0.1818,0.2748376,0.2748,2.4816376,2.4816,1
5.0437,5.0437,22.1645,0.3401022,O=c1ccc2cnc3ccc(-c4cnc5ccccc5c4)cc3c2n1-c1ccc(Cl)c(C(F)(F)F)c1,1,CCC(=O)N1CCN(c2ccc(-n3c(=O)ccc4cnc5ccc(-c6cnc7ccccc7c6)cc5c43)cc2C(F)(F)F)CC1,O=c1ccc2cnc3ccc(-c4cnc5ccccc5c4)cc3c2n1-c1ccccc1,0.1974522,0.1975,0.2317922,0.2318,2.6040045,2.6040,1
9.9832,9.9832,19.5649,0.3693511,O=c1ccc2cnc3ccc(-c4cnc5ccccc5c4)cc3c2n1-c1ccc(Cl)c(F)c1,1,CCC(=O)N1CCN(c2ccc(-n3c(=O)ccc4cnc5ccc(-c6cnc7ccccc7c6)cc5c43)cc2C(F)(F)F)CC1,O=c1ccc2cnc3ccc(-c4cnc5ccccc5c4)cc3c2n1-c1ccccc1,0.2066667,0.2067,0.2804669,0.2805,2.4828449,2.4828,1
4.7338,4.7338,24.7760,0.3688718,O=c1ccc2cnc3ccc(-c4cnc5ccccc5c4)cc3c2n1-c1ccc(F)c(Cl)c1,1,CCC(=O)N1CCN(c2ccc(-n3c(=O)ccc4cnc5ccc(-c6cnc7ccccc7c6)cc5c43)cc2C(F)(F)F)CC1,O=c1ccc2cnc3ccc(-c4cnc5ccccc5c4)cc3c2n1-c1ccccc1,0.2066667,0.2067,0.2804669,0.2805,2.4657074,2.4657,1
5.2531,5.2531,24.3984,0.3706434,O=c1ccc2cnc3ccc(-c4cnc5ccccc5c4)cc3c2n1-c1ccc(F)c(F)c1,1,CCC(=O)N1CCN(c2ccc(-n3c(=O)ccc4cnc5ccc(-c6cnc7ccccc7c6)cc5c43)cc2C(F)(F)F)CC1,O=c1ccc2cnc3ccc(-c4cnc5ccccc5c4)cc3c2n1-c1ccccc1,0.1907895,0.1908,0.3120350,0.3120,2.4626338,2.4626,1
4.7697,4.7697,25.4284,0.3774765,O=c1ccc2cnc3ccc(-c4cnc5ccccc5c4)cc3c2n1-c1ccc(F)cc1,1,CCC(=O)N1CCN(c2ccc(-n3c(=O)ccc4cnc5ccc(-c6cnc7ccccc7c6)cc5c43)cc2C(F)(F)F)CC1,O=c1ccc2cnc3ccc(-c4cnc5ccccc5c4)cc3c2n1-c1ccccc1,0.1933333,0.1933,0.3300036,0.3300,2.3532068,2.3532,1
3.5859,3.5859,24.9235,0.3563676,O=c1ccc2cnc3ccc(-c4cnc5ccccc5c4)cc3c2n1-c1ccc(N2CCOCC2)cc1,1,CCC(=O)N1CCN(c2ccc(-n3c(=O)ccc4cnc5ccc(-c6cnc7ccccc7c6)cc5c43)cc2C(F)(F)F)CC1,O=c1ccc2cnc3ccc(-c4cnc5ccccc5c4)cc3c2n1-c1ccc(N2CCOCC2)cc1,0.1746988,0.1747,0.3065741,0.3066,2.5412239,2.5412,1
4.0647,4.0647,25.9938,0.3757306,O=c1ccc2cnc3ccc(-c4cnc5ccccc5c4)cc3c2n1-c1ccc(N2CCOCC2)nc1,1,CCC(=O)N1CCN(c2ccc(-n3c(=O)ccc4cnc5ccc(-c6cnc7ccccc7c6)cc5c43)cc2C(F)(F)F)CC1,O=c1ccc2cnc3ccc(-c4cnc5ccccc5c4)cc3c2n1-c1ccc(N2CCOCC2)nc1,0.1818182,0.1818,0.3291567,0.3292,2.6630726,2.6631,1
4.3254,4.3254,25.1834,0.3688598,O=c1ccc2cnc3ccc(-c4cnc5ccccc5c4)cc3c2n1-c1ccc2c(c1)OCCO2,1,CCC(=O)N1CCN(c2ccc(-n3c(=O)ccc4cnc5ccc(-c6cnc7ccccc7c6)cc5c43)cc2C(F)(F)F)CC1,O=c1ccc2cnc3ccc(-c4cnc5ccccc5c4)cc3c2n1-c1ccc2c(c1)OCCO2,0.1812500,0.1812,0.3202111,0.3202,2.5688506,2.5689,1
3.4341,3.4341,26.6402,0.3759294,O=c1ccc2cnc3ccc(-c4cnc5ccccc5c4)cc3c2n1-c1ccc2c(c1)OCO2,1,CCC(=O)N1CCN(c2ccc(-n3c(=O)ccc4cnc5ccc(-c6cnc7ccccc7c6)cc5c43)cc2C(F)(F)F)CC1,O=c1ccc2cnc3ccc(-c4cnc5ccccc5c4)cc3c2n1-c1ccc2c(c1)OCO2,0.1847134,0.1847,0.3315498,0.3315,2.5369202,2.5369,1
9.4442,9.4442,30.9563,0.5050061,OCC1CCN(c2nccc3ncnc(Nc4ccc(F)c(Cl)c4)c23)CC1,1,CCN(CC)CC1CCN(c2ncc3ncnc(Nc4ccc(F)c(Cl)c4)c3n2)CC1,c1ccc(Nc2ncnc3ccnc(N4CCCCC4)c23)cc1,0.1897810,0.1898,0.7094783,0.7095,2.5106195,2.5106,1
10.2504,10.2504,29.5539,0.4975543,OCCN1CCN(c2ncc3ncnc(Oc4ccc(F)c(Cl)c4)c3n2)CC1,1,CCN(CC)CC1CCN(c2ncc3ncnc(Nc4ccc(F)c(Cl)c4)c3n2)CC1,c1ccc(Oc2ncnc3cnc(N4CCNCC4)nc23)cc1,0.1857143,0.1857,0.6915312,0.6915,2.5677546,2.5678,1
13.1090,13.1090,28.1491,0.5157255,OC1CCN(c2ncc3ccc(Nc4ccc(F)c(Cl)c4)nc3n2)CC1,1,CCN(CC)CC1CCN(c2ncc3ncnc(Nc4ccc(F)c(Cl)c4)c3n2)CC1,c1ccc(Nc2ccc3cnc(N4CCCCC4)nc3n2)cc1,0.1940299,0.1940,0.7313407,0.7313,2.5097673,2.5098,1
